txn_id,customer_id,event_date,processing_date
T000000,CUST0000,2020-05-19,2020-06-03
T000001,CUST0000,2021-06-30,2021-07-24
T000002,CUST0000,2021-12-23,2021-12-27
T000003,CUST0000,2021-11-22,2021-12-08
T000004,CUST0000,2023-11-09,2023-12-03
T000005,CUST0000,2024-06-21,2024-07-03
T000006,CUST0000,2022-02-07,2022-03-21
T000007,CUST0000,2020-10-25,2020-11-10
T000008,CUST0000,2024-07-12,2024-08-14
T000009,CUST0000,2020-09-19,2020-09-24
T000010,CUST0000,2023-01-15,2023-02-24
T000011,CUST0000,2022-08-03,2022-08-26
T000012,CUST0000,2021-12-31,2022-01-29
T000013,CUST0000,2020-09-22,2020-10-26
T000014,CUST0001,2020-08-20,2020-10-01
T000015,CUST0001,2024-02-17,2024-02-28
T000016,CUST0001,2022-07-13,2022-08-25
T000017,CUST0001,2021-08-20,2021-09-13
T000018,CUST0001,2021-06-20,2021-07-22
T000019,CUST0001,2022-09-03,2022-09-26
T000020,CUST0001,2022-07-25,2022-08-01
T000021,CUST0001,2024-07-16,2024-07-19
T000022,CUST0001,2021-06-27,2021-06-28
T000023,CUST0001,2021-04-04,2021-04-06
T000024,CUST0001,2022-09-23,2022-10-13
T000025,CUST0001,2021-07-01,2021-07-17
T000026,CUST0001,2022-08-09,2022-09-10
T000027,CUST0001,2021-11-22,2021-12-10
T000028,CUST0001,2021-04-19,2021-05-11
T000029,CUST0002,2020-09-03,2020-09-16
T000030,CUST0002,2023-08-06,2023-08-11
T000031,CUST0002,2021-07-12,2021-07-27
T000032,CUST0002,2023-10-26,2023-11-17
T000033,CUST0002,2023-06-02,2023-07-08
T000034,CUST0002,2023-03-20,2023-03-28
T000035,CUST0002,2020-01-26,2020-02-19
T000036,CUST0002,2024-01-30,2024-02-04
T000037,CUST0002,2023-02-03,2023-03-06
T000038,CUST0002,2023-01-12,2023-02-01
T000039,CUST0002,2024-03-06,2024-04-07
T000040,CUST0002,2021-01-18,2021-02-01
T000041,CUST0002,2022-12-19,2023-01-21
T000042,CUST0002,2024-11-13,2024-12-10
T000043,CUST0003,2021-05-25,2021-07-06
T000044,CUST0003,2024-05-22,2024-06-15
T000045,CUST0003,2022-04-11,2022-04-14
T000046,CUST0003,2022-07-28,2022-08-27
T000047,CUST0003,2024-11-25,2025-01-02
T000048,CUST0003,2022-04-18,2022-05-01
T000049,CUST0003,2023-01-27,2023-02-17
T000050,CUST0003,2021-08-04,2021-08-17
T000051,CUST0003,2022-06-11,2022-06-19
T000052,CUST0003,2021-05-25,2021-07-03
T000053,CUST0003,2024-09-15,2024-10-16
T000054,CUST0003,2020-04-09,2020-05-03
T000055,CUST0003,2021-12-30,2022-02-06
T000056,CUST0003,2022-01-29,2022-02-09
T000057,CUST0003,2024-03-03,2024-04-03
T000058,CUST0003,2020-11-19,2021-01-01
T000059,CUST0003,2021-03-11,2021-04-17
T000060,CUST0004,2023-07-04,2023-07-22
T000061,CUST0004,2024-04-15,2024-05-08
T000062,CUST0004,2021-09-07,2021-09-29
T000063,CUST0004,2021-10-18,2021-11-17
T000064,CUST0004,2020-01-18,2020-02-05
T000065,CUST0004,2023-06-21,2023-07-01
T000066,CUST0004,2024-04-23,2024-04-25
T000067,CUST0004,2022-02-06,2022-02-08
T000068,CUST0004,2024-06-02,2024-06-03
T000069,CUST0004,2024-02-15,2024-02-17
T000070,CUST0004,2023-11-01,2023-12-08
T000071,CUST0004,2021-10-25,2021-11-29
T000072,CUST0005,2021-02-12,2021-03-12
T000073,CUST0005,2024-03-31,2024-05-13
T000074,CUST0005,2020-09-23,2020-09-29
T000075,CUST0005,2022-06-27,2022-08-02
T000076,CUST0005,2020-07-14,2020-08-03
T000077,CUST0005,2024-09-13,2024-09-24
T000078,CUST0005,2023-02-15,2023-02-16
T000079,CUST0005,2023-04-10,2023-05-22
T000080,CUST0005,2024-03-08,2024-03-09
T000081,CUST0005,2022-07-03,2022-08-11
T000082,CUST0005,2024-06-20,2024-07-07
T000083,CUST0005,2021-06-24,2021-08-04
T000084,CUST0005,2022-04-12,2022-04-26
T000085,CUST0005,2024-04-04,2024-05-04
T000086,CUST0005,2023-05-19,2023-06-04
T000087,CUST0005,2024-05-28,2024-06-12
T000088,CUST0005,2022-10-22,2022-11-20
T000089,CUST0006,2023-11-17,2023-12-19
T000090,CUST0006,2020-09-14,2020-10-10
T000091,CUST0006,2020-06-03,2020-07-13
T000092,CUST0006,2021-03-09,2021-04-11
T000093,CUST0006,2020-09-24,2020-09-29
T000094,CUST0006,2021-03-19,2021-03-30
T000095,CUST0006,2024-08-13,2024-09-27
T000096,CUST0006,2024-07-13,2024-07-19
T000097,CUST0006,2023-02-02,2023-03-05
T000098,CUST0006,2024-07-13,2024-07-17
T000099,CUST0006,2021-06-18,2021-07-28
T000100,CUST0006,2020-06-20,2020-07-11
T000101,CUST0006,2021-10-29,2021-12-02
T000102,CUST0007,2020-05-05,2020-05-06
T000103,CUST0007,2021-12-30,2022-02-08
T000104,CUST0007,2023-05-03,2023-05-24
T000105,CUST0007,2023-07-03,2023-08-06
T000106,CUST0007,2024-03-06,2024-03-30
T000107,CUST0007,2021-05-11,2021-05-15
T000108,CUST0007,2024-07-22,2024-08-24
T000109,CUST0007,2023-08-04,2023-08-09
T000110,CUST0007,2021-12-02,2022-01-14
T000111,CUST0007,2020-09-06,2020-09-29
T000112,CUST0007,2020-07-02,2020-07-31
T000113,CUST0007,2024-11-21,2024-11-21
T000114,CUST0007,2021-09-19,2021-09-25
T000115,CUST0007,2024-08-22,2024-09-28
T000116,CUST0007,2024-07-06,2024-07-08
T000117,CUST0007,2024-10-21,2024-10-22
T000118,CUST0007,2023-12-14,2023-12-17
T000119,CUST0007,2022-09-14,2022-09-22
T000120,CUST0008,2023-10-02,2023-10-06
T000121,CUST0008,2023-04-29,2023-06-13
T000122,CUST0008,2023-12-14,2024-01-05
T000123,CUST0008,2023-10-23,2023-12-02
T000124,CUST0008,2020-04-28,2020-05-02
T000125,CUST0008,2021-03-27,2021-05-05
T000126,CUST0008,2024-08-22,2024-09-03
T000127,CUST0008,2022-09-04,2022-09-23
T000128,CUST0009,2023-03-31,2023-05-14
T000129,CUST0009,2022-12-12,2023-01-23
T000130,CUST0009,2020-05-15,2020-06-26
T000131,CUST0009,2022-04-15,2022-05-03
T000132,CUST0009,2024-04-25,2024-05-19
T000133,CUST0009,2021-08-19,2021-08-22
T000134,CUST0009,2021-02-21,2021-02-23
T000135,CUST0009,2022-01-13,2022-02-06
T000136,CUST0009,2020-02-04,2020-02-14
T000137,CUST0009,2021-06-07,2021-06-23
T000138,CUST0009,2022-10-31,2022-11-11
T000139,CUST0009,2023-10-07,2023-10-28
T000140,CUST0009,2024-01-17,2024-02-28
T000141,CUST0009,2023-03-02,2023-03-12
T000142,CUST0009,2020-02-08,2020-02-11
T000143,CUST0009,2020-03-02,2020-04-14
T000144,CUST0010,2023-03-09,2023-03-11
T000145,CUST0010,2021-11-07,2021-12-08
T000146,CUST0010,2022-07-07,2022-07-26
T000147,CUST0010,2020-06-25,2020-07-17
T000148,CUST0010,2021-07-22,2021-08-22
T000149,CUST0010,2020-03-11,2020-04-05
T000150,CUST0010,2020-10-01,2020-10-24
T000151,CUST0010,2022-05-16,2022-06-19
T000152,CUST0010,2020-05-30,2020-06-25
T000153,CUST0010,2021-08-13,2021-08-24
T000154,CUST0010,2022-12-17,2023-01-14
T000155,CUST0010,2024-04-23,2024-05-25
T000156,CUST0010,2021-02-21,2021-02-24
T000157,CUST0010,2021-10-24,2021-11-12
T000158,CUST0010,2021-05-21,2021-06-22
T000159,CUST0011,2023-12-06,2024-01-19
T000160,CUST0011,2023-07-27,2023-08-15
T000161,CUST0011,2024-01-20,2024-02-26
T000162,CUST0011,2022-09-10,2022-09-16
T000163,CUST0011,2020-08-19,2020-09-09
T000164,CUST0011,2020-04-27,2020-05-18
T000165,CUST0011,2020-03-24,2020-04-21
T000166,CUST0011,2022-01-18,2022-02-17
T000167,CUST0011,2022-08-05,2022-08-23
T000168,CUST0011,2023-06-08,2023-06-17
T000169,CUST0011,2021-12-04,2022-01-16
T000170,CUST0012,2021-11-07,2021-12-19
T000171,CUST0012,2020-08-16,2020-08-26
T000172,CUST0012,2022-09-16,2022-10-22
T000173,CUST0012,2021-01-12,2021-01-17
T000174,CUST0012,2024-01-02,2024-01-20
T000175,CUST0012,2023-06-15,2023-07-16
T000176,CUST0012,2022-12-31,2023-01-30
T000177,CUST0012,2020-01-29,2020-02-05
T000178,CUST0012,2022-02-10,2022-03-13
T000179,CUST0012,2022-10-05,2022-10-15
T000180,CUST0012,2023-10-26,2023-11-18
T000181,CUST0012,2021-09-14,2021-09-19
T000182,CUST0012,2024-09-04,2024-10-08
T000183,CUST0012,2022-03-26,2022-04-18
T000184,CUST0013,2020-04-08,2020-04-28
T000185,CUST0013,2020-01-26,2020-03-04
T000186,CUST0013,2020-05-15,2020-05-23
T000187,CUST0013,2021-07-01,2021-07-15
T000188,CUST0013,2022-09-10,2022-10-24
T000189,CUST0013,2023-04-15,2023-04-18
T000190,CUST0013,2020-12-03,2020-12-18
T000191,CUST0013,2024-11-27,2024-12-17
T000192,CUST0013,2024-05-25,2024-06-16
T000193,CUST0014,2022-09-28,2022-10-28
T000194,CUST0014,2023-06-04,2023-06-16
T000195,CUST0014,2021-12-14,2021-12-26
T000196,CUST0014,2020-03-03,2020-03-10
T000197,CUST0014,2021-09-10,2021-09-23
T000198,CUST0014,2020-02-08,2020-03-05
T000199,CUST0014,2022-07-03,2022-07-28
T000200,CUST0014,2024-05-06,2024-06-01
T000201,CUST0014,2020-06-02,2020-07-04
T000202,CUST0014,2022-01-12,2022-01-25
T000203,CUST0014,2024-07-25,2024-08-20
T000204,CUST0014,2024-02-25,2024-03-16
T000205,CUST0014,2023-09-10,2023-10-24
T000206,CUST0014,2023-07-21,2023-08-18
T000207,CUST0014,2020-01-15,2020-02-01
T000208,CUST0014,2022-03-06,2022-04-20
T000209,CUST0014,2024-06-12,2024-07-15
T000210,CUST0015,2020-12-11,2020-12-27
T000211,CUST0015,2024-07-09,2024-08-03
T000212,CUST0015,2020-09-07,2020-10-05
T000213,CUST0015,2023-04-11,2023-05-20
T000214,CUST0015,2022-05-25,2022-06-19
T000215,CUST0015,2023-12-07,2024-01-15
T000216,CUST0015,2021-05-17,2021-06-19
T000217,CUST0015,2020-02-28,2020-04-13
T000218,CUST0015,2022-03-01,2022-03-16
T000219,CUST0015,2022-04-01,2022-04-24
T000220,CUST0015,2020-04-20,2020-05-19
T000221,CUST0015,2021-08-26,2021-08-26
T000222,CUST0015,2023-03-06,2023-03-30
T000223,CUST0015,2021-12-10,2021-12-31
T000224,CUST0015,2022-11-26,2022-12-08
T000225,CUST0015,2024-11-22,2024-12-20
T000226,CUST0016,2023-08-10,2023-09-17
T000227,CUST0016,2023-05-08,2023-05-25
T000228,CUST0016,2024-07-13,2024-08-03
T000229,CUST0016,2022-04-29,2022-04-30
T000230,CUST0016,2023-07-24,2023-07-29
T000231,CUST0016,2020-11-23,2020-11-26
T000232,CUST0016,2023-04-07,2023-04-09
T000233,CUST0016,2020-08-29,2020-09-10
T000234,CUST0016,2023-12-24,2024-01-12
T000235,CUST0016,2024-01-22,2024-01-29
T000236,CUST0016,2020-09-11,2020-10-04
T000237,CUST0017,2023-10-10,2023-11-01
T000238,CUST0017,2021-11-03,2021-12-15
T000239,CUST0017,2023-10-25,2023-12-03
T000240,CUST0017,2021-01-19,2021-02-04
T000241,CUST0017,2021-05-15,2021-06-17
T000242,CUST0017,2022-06-30,2022-08-09
T000243,CUST0017,2020-02-25,2020-04-10
T000244,CUST0017,2022-03-28,2022-04-08
T000245,CUST0017,2024-02-23,2024-03-30
T000246,CUST0017,2024-02-04,2024-02-21
T000247,CUST0017,2024-11-27,2024-11-30
T000248,CUST0017,2021-02-19,2021-03-03
T000249,CUST0017,2020-10-25,2020-11-01
T000250,CUST0017,2024-12-19,2025-01-21
T000251,CUST0017,2023-06-06,2023-07-01
T000252,CUST0017,2022-04-30,2022-05-06
T000253,CUST0017,2022-06-18,2022-07-15
T000254,CUST0017,2023-10-08,2023-10-15
T000255,CUST0017,2020-11-07,2020-12-03
T000256,CUST0018,2021-09-19,2021-09-30
T000257,CUST0018,2023-10-17,2023-11-06
T000258,CUST0018,2022-06-20,2022-06-27
T000259,CUST0018,2024-02-13,2024-03-24
T000260,CUST0018,2021-10-04,2021-10-22
T000261,CUST0018,2022-01-09,2022-01-09
T000262,CUST0018,2021-05-13,2021-06-14
T000263,CUST0018,2023-06-20,2023-07-27
T000264,CUST0018,2024-08-21,2024-08-26
T000265,CUST0018,2020-05-08,2020-05-27
T000266,CUST0019,2022-02-11,2022-03-07
T000267,CUST0019,2020-01-31,2020-03-09
T000268,CUST0019,2024-05-08,2024-05-29
T000269,CUST0019,2022-03-26,2022-04-24
T000270,CUST0019,2022-10-06,2022-10-19
T000271,CUST0019,2023-02-19,2023-03-19
T000272,CUST0019,2024-08-12,2024-09-18
T000273,CUST0019,2020-01-27,2020-02-01
T000274,CUST0019,2023-05-26,2023-06-25
T000275,CUST0019,2022-07-14,2022-07-19
T000276,CUST0019,2022-12-12,2023-01-16
T000277,CUST0019,2022-06-02,2022-06-26
T000278,CUST0019,2023-10-02,2023-10-29
T000279,CUST0019,2021-02-02,2021-02-20
T000280,CUST0019,2024-10-08,2024-10-30
T000281,CUST0020,2020-11-19,2020-11-29
T000282,CUST0020,2024-02-05,2024-02-12
T000283,CUST0020,2021-03-26,2021-04-09
T000284,CUST0020,2023-01-04,2023-02-09
T000285,CUST0020,2023-06-05,2023-07-02
T000286,CUST0020,2021-06-24,2021-07-07
T000287,CUST0020,2020-08-08,2020-09-09
T000288,CUST0020,2020-10-17,2020-11-11
T000289,CUST0020,2020-09-17,2020-10-22
T000290,CUST0020,2022-05-21,2022-06-23
T000291,CUST0020,2021-09-19,2021-09-28
T000292,CUST0020,2020-09-26,2020-10-28
T000293,CUST0020,2024-06-18,2024-06-22
T000294,CUST0020,2021-04-14,2021-05-08
T000295,CUST0020,2020-01-01,2020-01-26
T000296,CUST0020,2021-07-29,2021-08-24
T000297,CUST0020,2021-04-15,2021-04-20
T000298,CUST0021,2020-02-20,2020-03-01
T000299,CUST0021,2023-04-19,2023-05-04
T000300,CUST0021,2021-02-05,2021-03-02
T000301,CUST0021,2021-01-28,2021-01-31
T000302,CUST0021,2021-12-25,2021-12-28
T000303,CUST0021,2024-07-15,2024-07-26
T000304,CUST0021,2023-04-02,2023-04-22
T000305,CUST0021,2022-09-02,2022-09-26
T000306,CUST0021,2024-02-02,2024-02-15
T000307,CUST0021,2022-03-07,2022-03-08
T000308,CUST0021,2021-02-05,2021-03-17
T000309,CUST0021,2022-01-14,2022-01-27
T000310,CUST0022,2022-07-03,2022-08-01
T000311,CUST0022,2020-06-25,2020-07-26
T000312,CUST0022,2020-09-17,2020-09-20
T000313,CUST0022,2023-05-15,2023-06-26
T000314,CUST0022,2021-03-11,2021-04-20
T000315,CUST0022,2023-01-21,2023-01-21
T000316,CUST0022,2022-08-16,2022-09-14
T000317,CUST0022,2022-08-28,2022-09-23
T000318,CUST0022,2024-07-01,2024-08-01
T000319,CUST0022,2022-05-13,2022-06-11
T000320,CUST0022,2024-07-26,2024-07-30
T000321,CUST0022,2023-01-03,2023-01-06
T000322,CUST0022,2023-09-17,2023-09-29
T000323,CUST0022,2022-05-10,2022-05-22
T000324,CUST0022,2023-03-04,2023-04-11
T000325,CUST0022,2024-06-29,2024-07-05
T000326,CUST0022,2022-12-13,2023-01-23
T000327,CUST0022,2023-06-27,2023-06-27
T000328,CUST0023,2022-05-03,2022-05-06
T000329,CUST0023,2021-09-07,2021-10-20
T000330,CUST0023,2023-04-20,2023-04-28
T000331,CUST0023,2022-07-26,2022-08-09
T000332,CUST0023,2021-03-05,2021-03-23
T000333,CUST0023,2021-11-28,2022-01-04
T000334,CUST0023,2023-10-13,2023-10-26
T000335,CUST0023,2022-04-24,2022-05-01
T000336,CUST0023,2024-12-14,2025-01-02
T000337,CUST0023,2020-02-09,2020-03-17
T000338,CUST0024,2020-03-21,2020-04-26
T000339,CUST0024,2022-09-01,2022-10-02
T000340,CUST0024,2023-07-09,2023-07-09
T000341,CUST0024,2022-05-01,2022-06-08
T000342,CUST0024,2024-05-12,2024-06-14
T000343,CUST0024,2021-11-27,2021-11-27
T000344,CUST0024,2023-07-14,2023-08-04
T000345,CUST0024,2020-11-04,2020-11-28
T000346,CUST0024,2020-09-05,2020-09-15
T000347,CUST0024,2023-03-03,2023-03-29
T000348,CUST0024,2022-02-24,2022-04-07
T000349,CUST0024,2022-09-12,2022-09-16
T000350,CUST0024,2023-01-30,2023-03-13
T000351,CUST0024,2021-05-28,2021-07-02
T000352,CUST0025,2024-12-03,2025-01-10
T000353,CUST0025,2023-08-30,2023-09-03
T000354,CUST0025,2023-07-23,2023-08-18
T000355,CUST0025,2020-09-28,2020-11-05
T000356,CUST0025,2022-12-25,2022-12-25
T000357,CUST0025,2024-06-25,2024-07-27
T000358,CUST0025,2024-01-01,2024-01-10
T000359,CUST0025,2022-01-30,2022-02-14
T000360,CUST0025,2024-05-16,2024-05-16
T000361,CUST0025,2021-01-15,2021-01-30
T000362,CUST0025,2020-03-21,2020-04-28
T000363,CUST0025,2021-10-30,2021-11-02
T000364,CUST0025,2021-04-14,2021-05-26
T000365,CUST0026,2022-02-24,2022-03-28
T000366,CUST0026,2022-06-21,2022-07-18
T000367,CUST0026,2021-06-04,2021-07-13
T000368,CUST0026,2024-09-03,2024-09-10
T000369,CUST0026,2020-12-27,2021-01-24
T000370,CUST0026,2023-11-23,2024-01-01
T000371,CUST0026,2022-08-19,2022-09-16
T000372,CUST0026,2021-07-29,2021-08-02
T000373,CUST0026,2023-05-23,2023-06-08
T000374,CUST0026,2023-12-18,2023-12-30
T000375,CUST0026,2024-05-23,2024-07-06
T000376,CUST0026,2020-04-23,2020-05-04
T000377,CUST0026,2020-02-03,2020-02-17
T000378,CUST0026,2021-05-10,2021-05-12
T000379,CUST0027,2024-03-19,2024-03-31
T000380,CUST0027,2020-01-30,2020-02-07
T000381,CUST0027,2023-05-16,2023-05-28
T000382,CUST0027,2021-06-02,2021-07-05
T000383,CUST0027,2020-04-26,2020-05-12
T000384,CUST0027,2024-11-08,2024-12-04
T000385,CUST0027,2020-01-03,2020-01-28
T000386,CUST0027,2021-08-30,2021-10-06
T000387,CUST0027,2023-09-04,2023-10-04
T000388,CUST0027,2022-04-11,2022-05-18
T000389,CUST0027,2023-06-03,2023-06-28
T000390,CUST0028,2020-03-31,2020-04-04
T000391,CUST0028,2021-10-24,2021-12-07
T000392,CUST0028,2021-05-18,2021-05-26
T000393,CUST0028,2021-01-15,2021-01-23
T000394,CUST0028,2023-04-01,2023-04-22
T000395,CUST0028,2024-02-21,2024-03-11
T000396,CUST0028,2023-11-15,2023-11-30
T000397,CUST0028,2021-07-13,2021-07-22
T000398,CUST0028,2022-04-08,2022-05-05
T000399,CUST0028,2021-06-21,2021-07-09
T000400,CUST0028,2021-10-31,2021-12-13
T000401,CUST0028,2022-03-31,2022-04-16
T000402,CUST0029,2020-08-26,2020-08-29
T000403,CUST0029,2022-07-03,2022-07-21
T000404,CUST0029,2020-11-07,2020-12-19
T000405,CUST0029,2020-03-14,2020-04-09
T000406,CUST0029,2021-02-12,2021-02-28
T000407,CUST0029,2024-07-29,2024-09-01
T000408,CUST0029,2020-03-12,2020-04-26
T000409,CUST0029,2022-11-28,2023-01-01
T000410,CUST0029,2022-12-30,2023-02-09
T000411,CUST0029,2024-03-24,2024-04-18
T000412,CUST0029,2020-07-15,2020-07-28
T000413,CUST0029,2021-09-25,2021-10-01
T000414,CUST0029,2020-08-20,2020-10-02
T000415,CUST0029,2020-06-03,2020-06-11
T000416,CUST0029,2024-10-22,2024-11-27
T000417,CUST0029,2020-12-05,2021-01-01
T000418,CUST0029,2023-12-05,2023-12-23
T000419,CUST0029,2021-06-18,2021-07-02
T000420,CUST0029,2021-03-31,2021-03-31
T000421,CUST0030,2024-07-11,2024-07-20
T000422,CUST0030,2022-10-25,2022-11-29
T000423,CUST0030,2023-11-04,2023-11-24
T000424,CUST0030,2023-04-19,2023-05-23
T000425,CUST0030,2024-06-16,2024-07-11
T000426,CUST0030,2020-07-07,2020-07-19
T000427,CUST0030,2023-06-17,2023-06-17
T000428,CUST0030,2023-07-08,2023-08-16
T000429,CUST0030,2022-05-09,2022-05-13
T000430,CUST0030,2020-12-18,2021-01-10
T000431,CUST0030,2022-03-14,2022-03-23
T000432,CUST0030,2020-02-05,2020-03-21
T000433,CUST0030,2023-08-06,2023-08-15
T000434,CUST0030,2024-12-07,2024-12-30
T000435,CUST0031,2021-07-03,2021-07-25
T000436,CUST0031,2020-09-10,2020-10-12
T000437,CUST0031,2024-04-26,2024-05-10
T000438,CUST0031,2021-12-26,2022-01-10
T000439,CUST0031,2022-11-23,2022-12-10
T000440,CUST0031,2022-02-22,2022-03-29
T000441,CUST0031,2024-04-27,2024-05-13
T000442,CUST0031,2024-08-17,2024-09-13
T000443,CUST0031,2023-08-01,2023-09-06
T000444,CUST0031,2020-01-01,2020-02-12
T000445,CUST0031,2024-11-12,2024-12-14
T000446,CUST0031,2022-05-15,2022-06-08
T000447,CUST0031,2022-10-16,2022-11-22
T000448,CUST0031,2020-06-19,2020-07-06
T000449,CUST0031,2022-10-02,2022-10-23
T000450,CUST0031,2021-05-18,2021-06-26
T000451,CUST0031,2023-04-05,2023-04-07
T000452,CUST0031,2021-09-04,2021-10-12
T000453,CUST0032,2023-11-27,2023-12-05
T000454,CUST0032,2024-11-08,2024-11-13
T000455,CUST0032,2021-06-11,2021-06-12
T000456,CUST0032,2022-12-16,2022-12-27
T000457,CUST0032,2024-06-19,2024-07-14
T000458,CUST0032,2020-02-12,2020-03-21
T000459,CUST0032,2024-02-12,2024-03-18
T000460,CUST0032,2024-01-29,2024-02-03
T000461,CUST0032,2023-04-03,2023-04-30
T000462,CUST0032,2022-11-21,2022-11-23
T000463,CUST0033,2020-04-29,2020-05-17
T000464,CUST0033,2023-06-25,2023-07-12
T000465,CUST0033,2021-12-10,2021-12-26
T000466,CUST0033,2021-09-14,2021-10-07
T000467,CUST0033,2021-01-06,2021-02-07
T000468,CUST0033,2024-07-23,2024-08-12
T000469,CUST0033,2024-09-14,2024-10-03
T000470,CUST0033,2024-11-15,2024-11-23
T000471,CUST0033,2021-05-06,2021-05-31
T000472,CUST0033,2022-02-25,2022-03-06
T000473,CUST0033,2023-02-12,2023-03-12
T000474,CUST0033,2020-12-18,2021-02-01
T000475,CUST0033,2021-05-27,2021-06-16
T000476,CUST0033,2023-06-15,2023-06-22
T000477,CUST0033,2024-09-26,2024-11-10
T000478,CUST0033,2024-07-14,2024-07-31
T000479,CUST0033,2023-08-05,2023-08-27
T000480,CUST0033,2020-04-22,2020-06-01
T000481,CUST0033,2020-03-01,2020-04-02
T000482,CUST0034,2022-04-29,2022-05-06
T000483,CUST0034,2024-04-24,2024-05-20
T000484,CUST0034,2021-03-29,2021-04-06
T000485,CUST0034,2020-11-27,2020-12-03
T000486,CUST0034,2023-04-05,2023-05-01
T000487,CUST0034,2021-11-28,2021-12-19
T000488,CUST0034,2022-09-03,2022-09-12
T000489,CUST0034,2023-10-03,2023-11-11
T000490,CUST0034,2022-05-12,2022-06-15
T000491,CUST0034,2024-09-12,2024-10-16
T000492,CUST0034,2020-09-25,2020-09-29
T000493,CUST0034,2024-03-12,2024-04-06
T000494,CUST0034,2023-12-11,2024-01-14
T000495,CUST0034,2020-08-03,2020-08-20
T000496,CUST0035,2023-05-10,2023-06-15
T000497,CUST0035,2024-06-26,2024-07-15
T000498,CUST0035,2022-08-30,2022-09-21
T000499,CUST0035,2020-09-02,2020-10-06
T000500,CUST0035,2021-02-18,2021-03-29
T000501,CUST0035,2023-12-01,2023-12-19
T000502,CUST0035,2023-11-17,2023-12-25
T000503,CUST0035,2020-07-25,2020-08-31
T000504,CUST0035,2022-11-25,2022-11-30
T000505,CUST0035,2023-03-05,2023-04-04
T000506,CUST0035,2022-03-05,2022-04-11
T000507,CUST0035,2021-06-13,2021-07-21
T000508,CUST0035,2020-09-21,2020-10-10
T000509,CUST0035,2024-05-25,2024-06-03
T000510,CUST0036,2020-11-07,2020-11-08
T000511,CUST0036,2024-04-05,2024-05-17
T000512,CUST0036,2021-09-01,2021-10-15
T000513,CUST0036,2024-01-11,2024-02-02
T000514,CUST0036,2023-01-15,2023-02-02
T000515,CUST0036,2021-01-31,2021-03-13
T000516,CUST0036,2022-02-05,2022-02-16
T000517,CUST0036,2024-01-13,2024-02-17
T000518,CUST0036,2024-05-07,2024-06-04
T000519,CUST0036,2021-10-06,2021-10-29
T000520,CUST0036,2023-11-26,2023-12-27
T000521,CUST0036,2020-04-14,2020-05-23
T000522,CUST0036,2022-08-23,2022-10-04
T000523,CUST0036,2020-09-09,2020-10-16
T000524,CUST0036,2024-10-23,2024-11-27
T000525,CUST0036,2023-06-29,2023-07-28
T000526,CUST0036,2021-10-09,2021-11-09
T000527,CUST0036,2024-10-21,2024-11-20
T000528,CUST0037,2021-12-15,2022-01-04
T000529,CUST0037,2024-02-26,2024-03-11
T000530,CUST0037,2021-10-02,2021-11-16
T000531,CUST0037,2021-08-09,2021-08-13
T000532,CUST0037,2021-05-09,2021-06-02
T000533,CUST0037,2024-11-04,2024-11-14
T000534,CUST0037,2021-05-25,2021-06-25
T000535,CUST0037,2023-08-30,2023-09-20
T000536,CUST0037,2021-01-18,2021-02-26
T000537,CUST0038,2023-07-31,2023-09-11
T000538,CUST0038,2023-10-22,2023-11-03
T000539,CUST0038,2021-07-28,2021-08-03
T000540,CUST0038,2020-10-12,2020-10-25
T000541,CUST0038,2021-12-06,2022-01-04
T000542,CUST0038,2020-03-09,2020-03-19
T000543,CUST0038,2021-03-20,2021-04-06
T000544,CUST0038,2023-01-26,2023-02-06
T000545,CUST0038,2021-01-03,2021-01-28
T000546,CUST0038,2020-03-11,2020-04-24
T000547,CUST0038,2022-10-25,2022-11-25
T000548,CUST0038,2023-11-26,2023-11-29
T000549,CUST0038,2020-12-11,2020-12-11
T000550,CUST0038,2024-08-12,2024-08-15
T000551,CUST0038,2021-09-15,2021-09-21
T000552,CUST0039,2021-01-15,2021-02-13
T000553,CUST0039,2022-08-31,2022-09-25
T000554,CUST0039,2023-08-20,2023-09-15
T000555,CUST0039,2023-12-13,2023-12-17
T000556,CUST0039,2021-08-16,2021-09-08
T000557,CUST0039,2022-12-17,2023-01-20
T000558,CUST0039,2020-09-22,2020-09-28
T000559,CUST0039,2023-03-17,2023-04-28
T000560,CUST0039,2020-09-05,2020-09-07
T000561,CUST0039,2023-09-20,2023-10-25
T000562,CUST0039,2022-02-06,2022-02-23
T000563,CUST0039,2024-10-19,2024-11-01
T000564,CUST0039,2020-04-14,2020-05-23
T000565,CUST0039,2023-04-22,2023-05-29
T000566,CUST0040,2023-01-13,2023-02-24
T000567,CUST0040,2021-11-27,2021-12-27
T000568,CUST0040,2023-12-12,2024-01-16
T000569,CUST0040,2020-10-02,2020-11-11
T000570,CUST0040,2021-12-31,2022-01-23
T000571,CUST0040,2022-02-08,2022-03-15
T000572,CUST0040,2020-10-17,2020-11-02
T000573,CUST0040,2022-01-06,2022-02-20
T000574,CUST0041,2023-07-21,2023-07-27
T000575,CUST0041,2023-03-29,2023-04-04
T000576,CUST0041,2024-11-12,2024-12-26
T000577,CUST0041,2022-06-06,2022-06-09
T000578,CUST0041,2021-04-14,2021-04-19
T000579,CUST0041,2024-04-18,2024-06-01
T000580,CUST0041,2021-04-03,2021-05-16
T000581,CUST0041,2023-07-29,2023-08-13
T000582,CUST0041,2023-03-03,2023-03-07
T000583,CUST0041,2024-12-06,2025-01-02
T000584,CUST0041,2024-01-14,2024-02-03
T000585,CUST0041,2023-09-20,2023-11-02
T000586,CUST0042,2020-08-22,2020-09-02
T000587,CUST0042,2023-11-22,2023-12-03
T000588,CUST0042,2020-02-15,2020-02-17
T000589,CUST0042,2021-01-14,2021-01-24
T000590,CUST0042,2021-07-02,2021-08-11
T000591,CUST0042,2020-10-27,2020-11-20
T000592,CUST0042,2023-12-22,2024-02-04
T000593,CUST0042,2020-11-12,2020-12-19
T000594,CUST0042,2022-04-21,2022-04-23
T000595,CUST0042,2020-08-24,2020-08-24
T000596,CUST0042,2023-11-18,2023-12-08
T000597,CUST0042,2023-05-10,2023-05-14
T000598,CUST0042,2020-03-30,2020-05-12
T000599,CUST0042,2020-11-24,2020-11-25
T000600,CUST0042,2023-02-14,2023-02-25
T000601,CUST0042,2022-02-10,2022-02-12
T000602,CUST0042,2021-07-05,2021-08-01
T000603,CUST0043,2020-03-04,2020-04-13
T000604,CUST0043,2023-11-15,2023-12-06
T000605,CUST0043,2020-12-10,2020-12-20
T000606,CUST0043,2021-09-19,2021-10-13
T000607,CUST0043,2020-05-15,2020-06-11
T000608,CUST0043,2022-04-05,2022-04-14
T000609,CUST0043,2024-12-19,2025-01-21
T000610,CUST0043,2022-12-16,2023-01-09
T000611,CUST0043,2023-12-12,2024-01-11
T000612,CUST0043,2020-03-10,2020-03-30
T000613,CUST0043,2023-03-30,2023-04-19
T000614,CUST0043,2023-10-06,2023-10-15
T000615,CUST0043,2021-07-07,2021-08-17
T000616,CUST0043,2021-08-19,2021-08-28
T000617,CUST0043,2021-06-24,2021-07-05
T000618,CUST0044,2021-10-25,2021-11-06
T000619,CUST0044,2024-11-11,2024-11-17
T000620,CUST0044,2022-10-04,2022-11-18
T000621,CUST0044,2020-09-23,2020-10-24
T000622,CUST0044,2024-03-12,2024-04-10
T000623,CUST0044,2021-06-14,2021-07-19
T000624,CUST0044,2020-02-08,2020-03-04
T000625,CUST0044,2023-08-30,2023-09-20
T000626,CUST0044,2024-10-22,2024-11-08
T000627,CUST0044,2024-06-21,2024-06-30
T000628,CUST0044,2020-03-09,2020-03-22
T000629,CUST0044,2022-04-23,2022-05-19
T000630,CUST0044,2020-12-14,2020-12-20
T000631,CUST0044,2021-07-07,2021-08-01
T000632,CUST0044,2020-12-07,2021-01-06
T000633,CUST0045,2021-09-29,2021-10-11
T000634,CUST0045,2022-03-11,2022-04-24
T000635,CUST0045,2022-02-21,2022-03-17
T000636,CUST0045,2020-08-02,2020-08-28
T000637,CUST0045,2020-12-12,2021-01-17
T000638,CUST0045,2021-07-28,2021-08-28
T000639,CUST0045,2022-04-09,2022-05-18
T000640,CUST0045,2023-10-26,2023-10-31
T000641,CUST0045,2021-04-10,2021-05-02
T000642,CUST0045,2023-07-27,2023-08-21
T000643,CUST0045,2023-04-16,2023-04-21
T000644,CUST0045,2023-03-29,2023-05-01
T000645,CUST0045,2022-05-22,2022-06-11
T000646,CUST0045,2022-07-08,2022-08-05
T000647,CUST0045,2023-12-16,2024-01-24
T000648,CUST0045,2020-10-18,2020-11-19
T000649,CUST0045,2023-10-28,2023-12-02
T000650,CUST0046,2021-06-18,2021-06-22
T000651,CUST0046,2022-03-27,2022-04-05
T000652,CUST0046,2024-08-12,2024-09-14
T000653,CUST0046,2021-12-11,2021-12-25
T000654,CUST0046,2022-05-10,2022-05-29
T000655,CUST0046,2020-08-25,2020-09-15
T000656,CUST0046,2023-05-06,2023-05-22
T000657,CUST0046,2021-02-17,2021-03-10
T000658,CUST0046,2020-10-27,2020-11-06
T000659,CUST0046,2024-05-06,2024-06-12
T000660,CUST0046,2020-11-19,2020-11-28
T000661,CUST0046,2022-12-11,2023-01-15
T000662,CUST0047,2024-07-03,2024-07-25
T000663,CUST0047,2020-04-29,2020-06-10
T000664,CUST0047,2024-12-16,2025-01-20
T000665,CUST0047,2024-02-07,2024-03-13
T000666,CUST0047,2021-07-23,2021-07-27
T000667,CUST0047,2023-06-20,2023-06-24
T000668,CUST0047,2022-12-09,2023-01-13
T000669,CUST0047,2021-08-10,2021-09-01
T000670,CUST0047,2022-04-30,2022-06-07
T000671,CUST0047,2021-09-09,2021-09-26
T000672,CUST0047,2022-12-08,2023-01-05
T000673,CUST0048,2021-05-03,2021-05-23
T000674,CUST0048,2022-01-02,2022-01-07
T000675,CUST0048,2022-06-28,2022-07-21
T000676,CUST0048,2020-11-15,2020-12-04
T000677,CUST0048,2021-12-07,2021-12-08
T000678,CUST0048,2021-10-11,2021-10-11
T000679,CUST0048,2021-03-15,2021-03-26
T000680,CUST0048,2023-10-18,2023-11-01
T000681,CUST0048,2023-01-12,2023-02-11
T000682,CUST0048,2022-03-02,2022-04-08
T000683,CUST0048,2022-11-14,2022-12-02
T000684,CUST0048,2022-03-28,2022-04-01
T000685,CUST0049,2021-06-24,2021-07-04
T000686,CUST0049,2020-09-22,2020-10-24
T000687,CUST0049,2024-12-15,2024-12-15
T000688,CUST0049,2020-02-16,2020-02-20
T000689,CUST0049,2024-02-09,2024-03-06
T000690,CUST0049,2020-04-26,2020-05-09
T000691,CUST0049,2020-01-08,2020-01-21
T000692,CUST0049,2023-02-13,2023-03-20
T000693,CUST0049,2024-12-11,2025-01-25
T000694,CUST0049,2024-02-07,2024-03-02
T000695,CUST0049,2020-08-08,2020-08-08
T000696,CUST0050,2023-01-03,2023-01-23
T000697,CUST0050,2023-10-12,2023-11-23
T000698,CUST0050,2020-11-27,2020-12-08
T000699,CUST0050,2021-03-19,2021-04-26
T000700,CUST0050,2021-01-15,2021-02-08
T000701,CUST0050,2023-12-02,2023-12-28
T000702,CUST0050,2024-08-27,2024-10-04
T000703,CUST0050,2024-01-05,2024-02-14
T000704,CUST0050,2021-12-01,2021-12-26
T000705,CUST0050,2023-11-27,2023-12-26
T000706,CUST0050,2022-09-23,2022-09-30
T000707,CUST0050,2022-01-18,2022-02-05
T000708,CUST0050,2022-04-13,2022-05-10
T000709,CUST0050,2020-09-01,2020-10-15
T000710,CUST0051,2021-12-28,2022-02-03
T000711,CUST0051,2024-07-12,2024-07-21
T000712,CUST0051,2021-04-09,2021-05-08
T000713,CUST0051,2020-03-08,2020-03-12
T000714,CUST0051,2022-05-17,2022-05-21
T000715,CUST0051,2023-07-30,2023-08-05
T000716,CUST0051,2022-12-27,2023-01-22
T000717,CUST0051,2024-10-05,2024-10-19
T000718,CUST0051,2024-12-01,2025-01-08
T000719,CUST0051,2024-08-09,2024-09-05
T000720,CUST0051,2021-06-07,2021-07-16
T000721,CUST0051,2020-06-20,2020-08-03
T000722,CUST0051,2021-02-10,2021-02-15
T000723,CUST0051,2020-12-12,2020-12-26
T000724,CUST0051,2021-05-29,2021-06-16
T000725,CUST0051,2024-03-24,2024-04-09
T000726,CUST0051,2023-08-07,2023-08-18
T000727,CUST0051,2022-05-10,2022-06-11
T000728,CUST0051,2020-11-13,2020-11-21
T000729,CUST0052,2023-07-10,2023-08-16
T000730,CUST0052,2021-12-10,2022-01-23
T000731,CUST0052,2022-08-25,2022-09-21
T000732,CUST0052,2023-04-13,2023-05-18
T000733,CUST0052,2023-03-29,2023-04-12
T000734,CUST0052,2021-03-15,2021-04-23
T000735,CUST0052,2022-04-30,2022-05-15
T000736,CUST0052,2021-09-07,2021-10-05
T000737,CUST0052,2024-11-22,2024-12-24
T000738,CUST0052,2023-02-22,2023-03-31
T000739,CUST0052,2021-08-27,2021-10-01
T000740,CUST0052,2021-04-01,2021-04-22
T000741,CUST0053,2023-10-03,2023-10-06
T000742,CUST0053,2020-12-24,2021-01-30
T000743,CUST0053,2021-04-10,2021-04-21
T000744,CUST0053,2020-08-14,2020-09-12
T000745,CUST0053,2023-02-08,2023-03-23
T000746,CUST0053,2022-02-20,2022-02-25
T000747,CUST0053,2022-04-29,2022-06-10
T000748,CUST0053,2021-08-30,2021-09-07
T000749,CUST0054,2024-06-04,2024-06-09
T000750,CUST0054,2023-08-23,2023-10-03
T000751,CUST0054,2024-02-08,2024-03-14
T000752,CUST0054,2021-10-11,2021-11-03
T000753,CUST0054,2021-06-12,2021-07-27
T000754,CUST0054,2022-12-16,2023-01-07
T000755,CUST0054,2023-02-02,2023-03-15
T000756,CUST0054,2024-04-19,2024-04-26
T000757,CUST0054,2020-08-10,2020-09-10
T000758,CUST0054,2022-01-09,2022-01-25
T000759,CUST0054,2021-02-14,2021-03-23
T000760,CUST0054,2021-10-13,2021-11-09
T000761,CUST0054,2021-04-26,2021-05-24
T000762,CUST0054,2020-08-06,2020-08-31
T000763,CUST0054,2021-07-11,2021-07-30
T000764,CUST0054,2024-12-21,2025-01-27
T000765,CUST0054,2023-06-17,2023-07-15
T000766,CUST0055,2021-07-08,2021-08-13
T000767,CUST0055,2021-09-16,2021-10-15
T000768,CUST0055,2023-05-10,2023-05-31
T000769,CUST0055,2022-01-31,2022-02-23
T000770,CUST0055,2020-01-31,2020-02-02
T000771,CUST0055,2020-10-07,2020-11-10
T000772,CUST0055,2022-11-09,2022-11-25
T000773,CUST0055,2020-05-18,2020-06-25
T000774,CUST0055,2020-08-09,2020-08-27
T000775,CUST0055,2023-12-22,2024-01-22
T000776,CUST0055,2022-10-21,2022-11-10
T000777,CUST0055,2021-08-20,2021-08-27
T000778,CUST0055,2020-03-11,2020-04-03
T000779,CUST0055,2022-06-23,2022-08-06
T000780,CUST0055,2022-02-20,2022-03-03
T000781,CUST0056,2020-12-15,2020-12-22
T000782,CUST0056,2024-03-19,2024-04-16
T000783,CUST0056,2021-11-25,2021-11-27
T000784,CUST0056,2022-07-21,2022-08-06
T000785,CUST0056,2022-10-23,2022-11-19
T000786,CUST0056,2022-11-27,2022-12-01
T000787,CUST0056,2024-01-13,2024-01-15
T000788,CUST0056,2022-01-14,2022-01-20
T000789,CUST0056,2022-07-13,2022-08-08
T000790,CUST0056,2020-05-31,2020-07-15
T000791,CUST0056,2024-05-19,2024-05-29
T000792,CUST0056,2023-05-13,2023-05-16
T000793,CUST0056,2021-09-01,2021-09-11
T000794,CUST0057,2024-12-10,2025-01-03
T000795,CUST0057,2022-05-15,2022-05-23
T000796,CUST0057,2022-11-26,2022-12-12
T000797,CUST0057,2021-04-09,2021-05-04
T000798,CUST0057,2020-03-10,2020-04-01
T000799,CUST0057,2021-05-31,2021-06-25
T000800,CUST0057,2020-11-03,2020-12-18
T000801,CUST0057,2020-09-28,2020-10-07
T000802,CUST0057,2023-11-14,2023-12-04
T000803,CUST0057,2023-08-01,2023-08-03
T000804,CUST0058,2024-01-18,2024-02-14
T000805,CUST0058,2022-12-05,2023-01-14
T000806,CUST0058,2024-08-17,2024-09-28
T000807,CUST0058,2023-04-15,2023-05-16
T000808,CUST0058,2022-05-19,2022-06-02
T000809,CUST0058,2022-08-25,2022-09-18
T000810,CUST0058,2022-04-04,2022-04-29
T000811,CUST0058,2021-09-01,2021-09-20
T000812,CUST0058,2023-01-08,2023-02-16
T000813,CUST0059,2021-04-16,2021-05-23
T000814,CUST0059,2020-04-06,2020-05-15
T000815,CUST0059,2022-05-12,2022-05-27
T000816,CUST0059,2020-01-29,2020-02-29
T000817,CUST0059,2024-04-26,2024-05-15
T000818,CUST0059,2022-06-25,2022-07-06
T000819,CUST0059,2021-01-30,2021-03-16
T000820,CUST0059,2024-11-18,2024-11-28
T000821,CUST0059,2024-02-27,2024-03-28
T000822,CUST0059,2024-04-18,2024-05-23
T000823,CUST0059,2020-04-15,2020-05-16
T000824,CUST0059,2024-09-13,2024-09-17
T000825,CUST0059,2021-09-11,2021-09-24
T000826,CUST0060,2023-06-01,2023-06-12
T000827,CUST0060,2021-04-10,2021-04-30
T000828,CUST0060,2024-11-03,2024-12-10
T000829,CUST0060,2022-03-18,2022-04-07
T000830,CUST0060,2022-10-05,2022-10-17
T000831,CUST0060,2022-07-08,2022-07-23
T000832,CUST0060,2022-02-26,2022-04-11
T000833,CUST0060,2022-04-29,2022-05-09
T000834,CUST0060,2024-08-01,2024-09-02
T000835,CUST0060,2020-02-12,2020-02-18
T000836,CUST0060,2024-11-05,2024-11-17
T000837,CUST0060,2020-07-28,2020-09-10
T000838,CUST0060,2022-02-25,2022-03-24
T000839,CUST0060,2023-06-18,2023-07-15
T000840,CUST0060,2024-01-01,2024-01-14
T000841,CUST0060,2023-04-16,2023-04-29
T000842,CUST0061,2020-11-15,2020-12-25
T000843,CUST0061,2023-03-15,2023-04-03
T000844,CUST0061,2020-09-04,2020-09-15
T000845,CUST0061,2022-03-23,2022-04-27
T000846,CUST0061,2022-06-15,2022-07-10
T000847,CUST0061,2021-06-16,2021-06-22
T000848,CUST0061,2021-06-22,2021-07-07
T000849,CUST0061,2020-07-14,2020-07-18
T000850,CUST0061,2020-02-11,2020-03-06
T000851,CUST0061,2022-02-01,2022-02-07
T000852,CUST0061,2023-10-08,2023-11-09
T000853,CUST0061,2024-07-16,2024-08-10
T000854,CUST0061,2024-06-24,2024-08-07
T000855,CUST0062,2020-01-22,2020-02-09
T000856,CUST0062,2023-07-31,2023-08-15
T000857,CUST0062,2021-01-06,2021-01-16
T000858,CUST0062,2020-03-03,2020-04-02
T000859,CUST0062,2023-02-21,2023-03-25
T000860,CUST0062,2022-09-23,2022-10-05
T000861,CUST0062,2021-07-06,2021-08-14
T000862,CUST0062,2022-07-15,2022-08-12
T000863,CUST0062,2020-04-10,2020-04-13
T000864,CUST0062,2022-02-19,2022-04-04
T000865,CUST0062,2022-11-19,2023-01-03
T000866,CUST0062,2024-05-16,2024-06-21
T000867,CUST0062,2024-03-26,2024-05-10
T000868,CUST0063,2021-10-17,2021-11-28
T000869,CUST0063,2020-08-26,2020-09-14
T000870,CUST0063,2024-06-14,2024-07-04
T000871,CUST0063,2020-07-17,2020-07-17
T000872,CUST0063,2020-02-11,2020-03-03
T000873,CUST0063,2020-10-08,2020-10-31
T000874,CUST0063,2022-10-18,2022-11-12
T000875,CUST0063,2024-12-30,2025-02-11
T000876,CUST0063,2020-02-25,2020-02-28
T000877,CUST0063,2022-09-02,2022-09-16
T000878,CUST0063,2020-02-11,2020-03-01
T000879,CUST0063,2022-02-03,2022-03-13
T000880,CUST0063,2020-02-28,2020-03-29
T000881,CUST0063,2024-02-28,2024-04-05
T000882,CUST0063,2020-09-22,2020-09-26
T000883,CUST0063,2020-12-21,2021-01-05
T000884,CUST0063,2020-06-20,2020-06-20
T000885,CUST0064,2024-08-13,2024-09-15
T000886,CUST0064,2023-08-06,2023-08-15
T000887,CUST0064,2021-10-19,2021-11-19
T000888,CUST0064,2022-07-10,2022-08-04
T000889,CUST0064,2020-01-18,2020-01-24
T000890,CUST0064,2023-12-01,2024-01-03
T000891,CUST0064,2024-08-03,2024-08-22
T000892,CUST0064,2021-04-14,2021-04-26
T000893,CUST0064,2023-07-05,2023-08-03
T000894,CUST0064,2022-07-24,2022-08-14
T000895,CUST0064,2023-05-02,2023-05-04
T000896,CUST0064,2022-11-11,2022-12-08
T000897,CUST0064,2022-08-17,2022-08-17
T000898,CUST0064,2022-12-14,2022-12-14
T000899,CUST0064,2020-07-14,2020-08-18
T000900,CUST0065,2021-10-12,2021-10-26
T000901,CUST0065,2020-03-05,2020-03-09
T000902,CUST0065,2023-05-28,2023-06-14
T000903,CUST0065,2022-12-29,2023-01-01
T000904,CUST0065,2023-05-27,2023-06-03
T000905,CUST0065,2022-02-04,2022-03-08
T000906,CUST0065,2021-09-02,2021-09-03
T000907,CUST0065,2023-01-06,2023-02-02
T000908,CUST0065,2020-10-20,2020-11-05
T000909,CUST0066,2023-10-04,2023-10-27
T000910,CUST0066,2024-01-02,2024-01-10
T000911,CUST0066,2020-07-30,2020-08-16
T000912,CUST0066,2021-12-30,2022-01-13
T000913,CUST0066,2021-10-09,2021-10-18
T000914,CUST0066,2023-03-10,2023-04-11
T000915,CUST0066,2021-08-14,2021-08-14
T000916,CUST0066,2023-03-26,2023-04-18
T000917,CUST0066,2024-02-29,2024-03-16
T000918,CUST0066,2021-09-05,2021-09-28
T000919,CUST0067,2022-08-20,2022-09-26
T000920,CUST0067,2020-03-31,2020-05-15
T000921,CUST0067,2023-03-19,2023-04-27
T000922,CUST0067,2021-07-30,2021-09-12
T000923,CUST0067,2024-08-20,2024-10-04
T000924,CUST0067,2021-02-01,2021-02-03
T000925,CUST0067,2022-02-01,2022-02-28
T000926,CUST0067,2021-06-13,2021-06-13
T000927,CUST0067,2021-11-14,2021-11-18
T000928,CUST0067,2020-09-06,2020-09-12
T000929,CUST0067,2023-01-10,2023-02-24
T000930,CUST0067,2020-08-13,2020-09-12
T000931,CUST0067,2022-09-11,2022-10-10
T000932,CUST0067,2024-06-10,2024-06-12
T000933,CUST0067,2023-04-16,2023-05-06
T000934,CUST0068,2023-12-25,2024-01-17
T000935,CUST0068,2022-04-02,2022-05-14
T000936,CUST0068,2020-02-29,2020-04-02
T000937,CUST0068,2021-10-27,2021-11-16
T000938,CUST0068,2020-02-24,2020-03-25
T000939,CUST0068,2021-05-01,2021-05-25
T000940,CUST0068,2024-04-24,2024-04-24
T000941,CUST0068,2023-07-13,2023-08-07
T000942,CUST0068,2021-05-01,2021-06-01
T000943,CUST0068,2022-10-01,2022-10-28
T000944,CUST0068,2022-01-03,2022-02-14
T000945,CUST0068,2023-07-06,2023-08-16
T000946,CUST0068,2022-03-21,2022-04-28
T000947,CUST0068,2024-05-12,2024-05-12
T000948,CUST0068,2024-08-20,2024-08-31
T000949,CUST0068,2024-04-13,2024-05-25
T000950,CUST0068,2020-08-22,2020-09-13
T000951,CUST0068,2021-05-30,2021-06-15
T000952,CUST0068,2024-07-09,2024-07-09
T000953,CUST0069,2022-03-31,2022-05-13
T000954,CUST0069,2022-02-12,2022-02-12
T000955,CUST0069,2020-10-20,2020-11-04
T000956,CUST0069,2020-08-12,2020-09-01
T000957,CUST0069,2023-07-09,2023-07-27
T000958,CUST0069,2022-10-31,2022-11-01
T000959,CUST0069,2024-07-13,2024-07-24
T000960,CUST0069,2024-03-04,2024-04-16
T000961,CUST0069,2020-10-15,2020-11-25
T000962,CUST0069,2021-01-06,2021-01-11
T000963,CUST0069,2024-12-01,2024-12-03
T000964,CUST0069,2024-10-25,2024-11-26
T000965,CUST0069,2024-11-08,2024-11-16
T000966,CUST0069,2023-07-04,2023-07-17
T000967,CUST0069,2021-07-16,2021-08-30
T000968,CUST0069,2020-08-04,2020-09-13
T000969,CUST0069,2024-06-25,2024-07-02
T000970,CUST0069,2024-04-18,2024-05-05
T000971,CUST0069,2022-04-08,2022-04-26
T000972,CUST0070,2020-04-18,2020-05-15
T000973,CUST0070,2022-06-12,2022-07-01
T000974,CUST0070,2020-12-15,2021-01-19
T000975,CUST0070,2024-02-01,2024-02-26
T000976,CUST0070,2024-06-08,2024-07-16
T000977,CUST0070,2023-02-07,2023-02-14
T000978,CUST0070,2021-02-10,2021-03-12
T000979,CUST0070,2022-08-09,2022-08-27
T000980,CUST0070,2022-02-09,2022-02-10
T000981,CUST0070,2024-08-14,2024-08-17
T000982,CUST0070,2024-08-31,2024-09-08
T000983,CUST0070,2022-09-14,2022-09-20
T000984,CUST0070,2021-04-19,2021-04-20
T000985,CUST0070,2021-03-30,2021-04-03
T000986,CUST0070,2020-12-22,2020-12-28
T000987,CUST0070,2022-03-24,2022-04-12
T000988,CUST0070,2023-08-13,2023-08-25
T000989,CUST0071,2020-04-14,2020-05-16
T000990,CUST0071,2021-01-19,2021-02-02
T000991,CUST0071,2023-10-16,2023-11-01
T000992,CUST0071,2021-07-22,2021-09-05
T000993,CUST0071,2022-11-05,2022-11-13
T000994,CUST0071,2022-04-24,2022-05-28
T000995,CUST0071,2022-12-03,2022-12-20
T000996,CUST0071,2023-04-03,2023-05-12
T000997,CUST0072,2024-01-03,2024-01-27
T000998,CUST0072,2020-12-29,2021-01-15
T000999,CUST0072,2020-01-19,2020-02-20
T001000,CUST0072,2024-12-10,2024-12-18
T001001,CUST0072,2024-12-14,2025-01-10
T001002,CUST0072,2021-03-22,2021-04-21
T001003,CUST0072,2021-03-31,2021-04-23
T001004,CUST0072,2023-11-09,2023-11-11
T001005,CUST0072,2024-01-08,2024-01-10
T001006,CUST0072,2022-03-12,2022-03-22
T001007,CUST0073,2022-02-17,2022-04-01
T001008,CUST0073,2023-05-18,2023-06-24
T001009,CUST0073,2023-01-16,2023-02-05
T001010,CUST0073,2021-01-18,2021-02-26
T001011,CUST0073,2024-03-21,2024-04-04
T001012,CUST0073,2024-12-20,2024-12-22
T001013,CUST0073,2023-02-11,2023-02-11
T001014,CUST0073,2021-08-16,2021-09-21
T001015,CUST0073,2024-08-23,2024-09-03
T001016,CUST0073,2020-02-18,2020-03-07
T001017,CUST0073,2023-11-18,2023-12-20
T001018,CUST0073,2020-01-26,2020-01-27
T001019,CUST0073,2020-12-10,2021-01-02
T001020,CUST0073,2023-08-02,2023-08-07
T001021,CUST0073,2022-05-21,2022-05-26
T001022,CUST0073,2020-05-11,2020-06-06
T001023,CUST0074,2023-08-27,2023-09-01
T001024,CUST0074,2021-10-22,2021-10-27
T001025,CUST0074,2021-01-26,2021-02-04
T001026,CUST0074,2022-05-05,2022-05-22
T001027,CUST0074,2022-01-18,2022-03-01
T001028,CUST0074,2022-06-21,2022-07-28
T001029,CUST0074,2024-09-01,2024-10-02
T001030,CUST0074,2023-03-09,2023-04-23
T001031,CUST0074,2020-06-23,2020-07-14
T001032,CUST0074,2020-08-12,2020-09-19
T001033,CUST0074,2020-02-27,2020-03-15
T001034,CUST0074,2023-01-10,2023-02-19
T001035,CUST0074,2023-11-11,2023-11-12
T001036,CUST0074,2022-06-13,2022-07-27
T001037,CUST0074,2022-01-17,2022-01-18
T001038,CUST0074,2024-06-13,2024-07-04
T001039,CUST0074,2020-02-23,2020-03-20
T001040,CUST0074,2024-11-01,2024-11-04
T001041,CUST0075,2023-02-23,2023-04-01
T001042,CUST0075,2022-09-07,2022-10-12
T001043,CUST0075,2024-06-21,2024-07-31
T001044,CUST0075,2021-04-05,2021-04-09
T001045,CUST0075,2022-09-09,2022-09-23
T001046,CUST0075,2024-10-10,2024-11-06
T001047,CUST0075,2022-07-28,2022-08-10
T001048,CUST0075,2020-09-19,2020-10-16
T001049,CUST0075,2024-12-12,2025-01-22
T001050,CUST0075,2021-04-16,2021-05-16
T001051,CUST0075,2021-12-11,2021-12-13
T001052,CUST0075,2024-03-28,2024-04-02
T001053,CUST0075,2022-06-02,2022-07-16
T001054,CUST0075,2021-10-18,2021-10-21
T001055,CUST0075,2024-10-02,2024-11-09
T001056,CUST0076,2024-12-06,2024-12-13
T001057,CUST0076,2020-10-23,2020-11-08
T001058,CUST0076,2023-07-09,2023-08-18
T001059,CUST0076,2024-01-15,2024-01-27
T001060,CUST0076,2024-10-03,2024-10-29
T001061,CUST0076,2024-03-19,2024-04-07
T001062,CUST0076,2023-09-29,2023-10-15
T001063,CUST0076,2023-11-07,2023-12-02
T001064,CUST0076,2023-11-21,2023-12-25
T001065,CUST0076,2020-06-15,2020-06-18
T001066,CUST0076,2021-09-08,2021-09-27
T001067,CUST0076,2024-04-10,2024-05-23
T001068,CUST0076,2023-09-09,2023-09-18
T001069,CUST0076,2024-10-03,2024-11-11
T001070,CUST0076,2024-03-16,2024-03-16
T001071,CUST0076,2023-04-05,2023-04-24
T001072,CUST0077,2024-02-18,2024-02-22
T001073,CUST0077,2020-08-04,2020-08-23
T001074,CUST0077,2024-09-04,2024-10-18
T001075,CUST0077,2023-11-27,2023-11-29
T001076,CUST0077,2024-09-19,2024-11-02
T001077,CUST0077,2020-05-25,2020-05-29
T001078,CUST0077,2020-02-09,2020-03-15
T001079,CUST0077,2021-06-30,2021-07-05
T001080,CUST0077,2020-05-01,2020-05-15
T001081,CUST0077,2024-01-25,2024-02-08
T001082,CUST0077,2023-01-19,2023-02-04
T001083,CUST0077,2020-08-25,2020-10-03
T001084,CUST0077,2021-01-09,2021-01-17
T001085,CUST0077,2024-01-09,2024-02-18
T001086,CUST0078,2021-11-15,2021-12-02
T001087,CUST0078,2020-05-10,2020-06-09
T001088,CUST0078,2024-05-22,2024-06-13
T001089,CUST0078,2023-11-01,2023-11-24
T001090,CUST0078,2022-03-27,2022-05-06
T001091,CUST0078,2023-04-09,2023-04-16
T001092,CUST0078,2023-05-21,2023-06-01
T001093,CUST0078,2021-12-31,2022-02-07
T001094,CUST0078,2022-09-28,2022-10-09
T001095,CUST0078,2022-01-07,2022-01-19
T001096,CUST0078,2022-05-24,2022-07-01
T001097,CUST0078,2023-07-08,2023-08-05
T001098,CUST0078,2022-01-27,2022-01-27
T001099,CUST0079,2023-06-06,2023-07-11
T001100,CUST0079,2020-06-03,2020-06-16
T001101,CUST0079,2020-09-18,2020-10-03
T001102,CUST0079,2022-04-13,2022-05-02
T001103,CUST0079,2021-02-16,2021-02-26
T001104,CUST0079,2020-05-06,2020-06-15
T001105,CUST0079,2020-11-02,2020-11-20
T001106,CUST0079,2022-09-02,2022-09-17
T001107,CUST0079,2020-11-08,2020-11-10
T001108,CUST0079,2022-12-12,2022-12-22
T001109,CUST0079,2024-07-02,2024-07-29
T001110,CUST0079,2020-01-03,2020-01-05
T001111,CUST0080,2024-11-08,2024-12-17
T001112,CUST0080,2024-12-23,2025-01-09
T001113,CUST0080,2020-09-14,2020-10-19
T001114,CUST0080,2020-04-01,2020-05-10
T001115,CUST0080,2022-02-05,2022-02-06
T001116,CUST0080,2021-04-30,2021-05-14
T001117,CUST0080,2020-10-28,2020-11-22
T001118,CUST0080,2020-07-06,2020-08-06
T001119,CUST0080,2022-06-09,2022-06-22
T001120,CUST0080,2024-05-20,2024-06-20
T001121,CUST0080,2024-12-05,2024-12-16
T001122,CUST0080,2021-09-10,2021-10-24
T001123,CUST0080,2021-12-25,2021-12-29
T001124,CUST0081,2023-04-03,2023-04-20
T001125,CUST0081,2023-12-22,2024-02-01
T001126,CUST0081,2021-01-07,2021-02-12
T001127,CUST0081,2023-05-06,2023-06-02
T001128,CUST0081,2024-11-14,2024-12-14
T001129,CUST0081,2020-03-27,2020-04-28
T001130,CUST0081,2023-01-08,2023-02-07
T001131,CUST0081,2023-04-20,2023-05-06
T001132,CUST0081,2021-03-10,2021-04-03
T001133,CUST0081,2022-08-16,2022-08-29
T001134,CUST0081,2023-04-13,2023-04-26
T001135,CUST0081,2022-05-16,2022-06-16
T001136,CUST0081,2023-11-03,2023-11-22
T001137,CUST0081,2021-11-04,2021-12-12
T001138,CUST0081,2022-09-27,2022-10-07
T001139,CUST0082,2021-04-21,2021-04-24
T001140,CUST0082,2024-04-28,2024-06-09
T001141,CUST0082,2021-10-15,2021-11-04
T001142,CUST0082,2024-11-10,2024-11-12
T001143,CUST0082,2020-08-29,2020-09-30
T001144,CUST0082,2024-04-14,2024-05-03
T001145,CUST0082,2022-10-05,2022-11-16
T001146,CUST0082,2022-09-06,2022-09-14
T001147,CUST0082,2022-09-01,2022-09-17
T001148,CUST0082,2020-11-29,2021-01-06
T001149,CUST0082,2023-11-17,2023-11-19
T001150,CUST0082,2022-01-06,2022-01-27
T001151,CUST0082,2023-02-17,2023-03-09
T001152,CUST0082,2023-03-17,2023-04-10
T001153,CUST0082,2024-05-03,2024-05-03
T001154,CUST0082,2024-08-19,2024-08-29
T001155,CUST0083,2023-05-06,2023-05-15
T001156,CUST0083,2023-09-06,2023-09-30
T001157,CUST0083,2023-05-14,2023-06-28
T001158,CUST0083,2024-09-05,2024-09-18
T001159,CUST0083,2022-09-27,2022-10-07
T001160,CUST0083,2022-04-09,2022-05-13
T001161,CUST0083,2023-05-09,2023-06-18
T001162,CUST0083,2022-11-15,2022-11-23
T001163,CUST0083,2024-09-20,2024-10-22
T001164,CUST0083,2024-03-06,2024-04-18
T001165,CUST0083,2023-06-20,2023-07-15
T001166,CUST0083,2021-10-11,2021-11-20
T001167,CUST0083,2022-02-10,2022-03-13
T001168,CUST0083,2024-10-09,2024-11-08
T001169,CUST0084,2020-09-03,2020-10-16
T001170,CUST0084,2021-02-17,2021-02-17
T001171,CUST0084,2021-03-14,2021-04-01
T001172,CUST0084,2021-11-09,2021-12-15
T001173,CUST0084,2020-08-21,2020-09-19
T001174,CUST0084,2020-12-21,2020-12-21
T001175,CUST0084,2024-02-02,2024-03-16
T001176,CUST0084,2021-04-24,2021-06-05
T001177,CUST0084,2020-04-17,2020-05-21
T001178,CUST0084,2020-11-06,2020-11-22
T001179,CUST0084,2021-03-27,2021-03-27
T001180,CUST0084,2020-10-08,2020-10-14
T001181,CUST0084,2021-08-28,2021-08-28
T001182,CUST0084,2021-06-24,2021-06-27
T001183,CUST0084,2023-11-29,2024-01-09
T001184,CUST0084,2022-01-21,2022-02-11
T001185,CUST0085,2022-06-13,2022-07-15
T001186,CUST0085,2024-04-24,2024-05-09
T001187,CUST0085,2022-03-10,2022-03-21
T001188,CUST0085,2021-09-01,2021-10-15
T001189,CUST0085,2024-05-25,2024-06-24
T001190,CUST0085,2022-07-09,2022-07-13
T001191,CUST0085,2024-12-28,2025-02-01
T001192,CUST0085,2022-11-27,2022-11-28
T001193,CUST0085,2023-12-27,2024-01-24
T001194,CUST0085,2023-02-21,2023-04-02
T001195,CUST0085,2020-04-26,2020-04-28
T001196,CUST0085,2023-09-01,2023-09-26
T001197,CUST0085,2024-01-22,2024-01-24
T001198,CUST0085,2023-08-29,2023-10-05
T001199,CUST0085,2022-11-19,2022-12-24
T001200,CUST0085,2021-09-21,2021-09-27
T001201,CUST0085,2024-11-05,2024-11-20
T001202,CUST0086,2021-05-12,2021-06-01
T001203,CUST0086,2022-06-17,2022-07-21
T001204,CUST0086,2022-08-28,2022-10-06
T001205,CUST0086,2021-05-20,2021-06-30
T001206,CUST0086,2023-07-20,2023-08-04
T001207,CUST0086,2020-12-20,2021-01-03
T001208,CUST0086,2020-04-01,2020-05-14
T001209,CUST0086,2024-01-14,2024-01-22
T001210,CUST0086,2020-10-20,2020-11-25
T001211,CUST0086,2024-10-07,2024-11-09
T001212,CUST0086,2023-05-26,2023-06-16
T001213,CUST0086,2021-10-05,2021-10-19
T001214,CUST0086,2021-04-01,2021-05-12
T001215,CUST0086,2022-02-26,2022-04-06
T001216,CUST0086,2020-12-14,2020-12-26
T001217,CUST0086,2021-07-30,2021-08-01
T001218,CUST0086,2020-12-15,2021-01-22
T001219,CUST0086,2020-02-05,2020-02-08
T001220,CUST0086,2022-05-21,2022-05-22
T001221,CUST0087,2023-12-18,2024-01-24
T001222,CUST0087,2021-02-23,2021-03-08
T001223,CUST0087,2021-02-27,2021-04-06
T001224,CUST0087,2024-12-07,2025-01-09
T001225,CUST0087,2020-09-20,2020-10-22
T001226,CUST0087,2022-04-07,2022-04-28
T001227,CUST0087,2023-09-13,2023-10-07
T001228,CUST0087,2021-08-31,2021-09-05
T001229,CUST0087,2023-09-25,2023-11-03
T001230,CUST0087,2020-06-20,2020-07-20
T001231,CUST0087,2021-10-19,2021-11-04
T001232,CUST0087,2021-05-26,2021-06-13
T001233,CUST0087,2024-03-06,2024-03-25
T001234,CUST0087,2023-01-05,2023-01-24
T001235,CUST0087,2022-02-28,2022-03-07
T001236,CUST0087,2023-11-15,2023-11-25
T001237,CUST0088,2020-10-26,2020-11-29
T001238,CUST0088,2023-08-13,2023-09-10
T001239,CUST0088,2020-03-23,2020-04-17
T001240,CUST0088,2022-02-27,2022-04-08
T001241,CUST0088,2020-03-19,2020-04-21
T001242,CUST0088,2020-09-21,2020-10-19
T001243,CUST0088,2022-01-07,2022-02-09
T001244,CUST0088,2021-03-13,2021-04-26
T001245,CUST0088,2020-12-08,2021-01-08
T001246,CUST0088,2022-04-09,2022-04-26
T001247,CUST0088,2021-10-16,2021-11-19
T001248,CUST0088,2020-12-21,2021-02-04
T001249,CUST0088,2021-05-25,2021-06-21
T001250,CUST0088,2020-09-16,2020-09-19
T001251,CUST0088,2022-12-25,2023-01-15
T001252,CUST0088,2022-03-11,2022-03-22
T001253,CUST0088,2022-09-07,2022-10-11
T001254,CUST0089,2023-05-06,2023-06-14
T001255,CUST0089,2020-06-07,2020-06-22
T001256,CUST0089,2024-03-08,2024-04-02
T001257,CUST0089,2023-07-19,2023-08-01
T001258,CUST0089,2023-06-18,2023-07-01
T001259,CUST0089,2020-07-18,2020-08-05
T001260,CUST0089,2024-09-28,2024-10-14
T001261,CUST0089,2020-08-22,2020-09-22
T001262,CUST0089,2022-01-29,2022-02-17
T001263,CUST0089,2023-12-13,2023-12-15
T001264,CUST0089,2024-05-30,2024-05-30
T001265,CUST0089,2023-10-08,2023-10-27
T001266,CUST0089,2022-11-12,2022-11-30
T001267,CUST0089,2023-02-01,2023-02-28
T001268,CUST0090,2021-09-14,2021-10-20
T001269,CUST0090,2024-05-08,2024-06-21
T001270,CUST0090,2023-01-21,2023-03-02
T001271,CUST0090,2023-08-24,2023-10-06
T001272,CUST0090,2020-10-01,2020-10-27
T001273,CUST0090,2021-03-11,2021-04-16
T001274,CUST0090,2022-01-09,2022-01-28
T001275,CUST0090,2023-01-21,2023-02-02
T001276,CUST0091,2020-01-07,2020-02-11
T001277,CUST0091,2023-07-19,2023-08-03
T001278,CUST0091,2021-09-12,2021-10-16
T001279,CUST0091,2023-12-01,2023-12-31
T001280,CUST0091,2024-05-21,2024-05-25
T001281,CUST0091,2020-06-14,2020-07-14
T001282,CUST0091,2021-01-16,2021-02-21
T001283,CUST0091,2020-01-05,2020-02-19
T001284,CUST0091,2021-04-15,2021-04-30
T001285,CUST0091,2021-11-28,2021-11-29
T001286,CUST0092,2021-10-16,2021-11-22
T001287,CUST0092,2022-12-04,2023-01-04
T001288,CUST0092,2022-09-14,2022-09-28
T001289,CUST0092,2020-02-27,2020-04-12
T001290,CUST0092,2020-02-26,2020-02-27
T001291,CUST0092,2022-03-13,2022-03-18
T001292,CUST0092,2024-05-21,2024-05-22
T001293,CUST0092,2020-05-10,2020-06-12
T001294,CUST0092,2024-02-23,2024-03-13
T001295,CUST0092,2022-09-05,2022-09-25
T001296,CUST0092,2024-05-30,2024-07-06
T001297,CUST0092,2021-10-12,2021-11-12
T001298,CUST0092,2024-01-30,2024-02-26
T001299,CUST0092,2022-10-13,2022-11-08
T001300,CUST0093,2021-08-04,2021-08-13
T001301,CUST0093,2023-07-20,2023-09-02
T001302,CUST0093,2021-09-11,2021-09-24
T001303,CUST0093,2021-08-26,2021-08-27
T001304,CUST0093,2020-01-26,2020-02-15
T001305,CUST0093,2022-06-16,2022-07-12
T001306,CUST0093,2024-05-25,2024-06-25
T001307,CUST0093,2023-09-20,2023-09-20
T001308,CUST0093,2024-06-14,2024-06-22
T001309,CUST0094,2020-01-11,2020-02-09
T001310,CUST0094,2021-01-16,2021-02-16
T001311,CUST0094,2023-03-11,2023-04-14
T001312,CUST0094,2021-07-11,2021-08-13
T001313,CUST0094,2020-12-21,2021-01-09
T001314,CUST0094,2023-10-24,2023-11-13
T001315,CUST0094,2022-08-31,2022-09-27
T001316,CUST0094,2023-03-10,2023-03-10
T001317,CUST0094,2024-01-07,2024-02-15
T001318,CUST0094,2021-03-09,2021-04-12
T001319,CUST0094,2020-04-17,2020-05-02
T001320,CUST0094,2023-04-26,2023-05-19
T001321,CUST0094,2023-12-24,2024-01-09
T001322,CUST0094,2022-08-03,2022-09-03
T001323,CUST0094,2024-01-16,2024-02-20
T001324,CUST0094,2021-10-21,2021-10-31
T001325,CUST0094,2023-07-29,2023-08-01
T001326,CUST0094,2022-08-20,2022-09-07
T001327,CUST0094,2021-08-20,2021-08-30
T001328,CUST0095,2022-01-28,2022-02-02
T001329,CUST0095,2023-01-04,2023-01-26
T001330,CUST0095,2020-10-29,2020-11-29
T001331,CUST0095,2021-04-03,2021-05-05
T001332,CUST0095,2020-11-16,2020-11-21
T001333,CUST0095,2020-04-11,2020-05-15
T001334,CUST0095,2020-09-12,2020-09-16
T001335,CUST0095,2022-12-21,2023-01-26
T001336,CUST0095,2022-06-16,2022-07-16
T001337,CUST0095,2022-06-27,2022-07-07
T001338,CUST0095,2024-06-27,2024-07-23
T001339,CUST0095,2020-03-16,2020-04-27
T001340,CUST0095,2021-05-06,2021-05-08
T001341,CUST0095,2021-07-11,2021-08-12
T001342,CUST0095,2022-01-15,2022-02-15
T001343,CUST0095,2020-08-06,2020-09-03
T001344,CUST0096,2023-02-22,2023-03-01
T001345,CUST0096,2021-07-31,2021-09-07
T001346,CUST0096,2020-02-10,2020-02-23
T001347,CUST0096,2021-12-04,2021-12-04
T001348,CUST0096,2024-04-19,2024-05-03
T001349,CUST0096,2022-08-10,2022-08-17
T001350,CUST0096,2021-05-13,2021-06-08
T001351,CUST0096,2021-02-25,2021-04-09
T001352,CUST0096,2022-08-12,2022-09-05
T001353,CUST0096,2024-01-26,2024-02-16
T001354,CUST0096,2020-03-18,2020-04-19
T001355,CUST0096,2020-06-04,2020-06-14
T001356,CUST0096,2022-05-28,2022-06-04
T001357,CUST0096,2023-11-13,2023-12-09
T001358,CUST0096,2023-05-08,2023-05-27
T001359,CUST0096,2023-03-19,2023-03-19
T001360,CUST0096,2023-12-29,2024-01-08
T001361,CUST0096,2021-01-21,2021-02-06
T001362,CUST0097,2024-12-22,2025-01-10
T001363,CUST0097,2021-04-15,2021-05-22
T001364,CUST0097,2024-07-17,2024-08-30
T001365,CUST0097,2020-12-05,2021-01-12
T001366,CUST0097,2023-11-18,2023-12-13
T001367,CUST0097,2022-05-07,2022-06-18
T001368,CUST0097,2021-09-27,2021-10-02
T001369,CUST0097,2021-02-19,2021-03-17
T001370,CUST0097,2020-01-11,2020-02-21
T001371,CUST0097,2024-07-30,2024-08-28
T001372,CUST0097,2021-01-26,2021-02-22
T001373,CUST0097,2020-11-21,2020-12-14
T001374,CUST0097,2020-10-10,2020-10-13
T001375,CUST0097,2024-06-17,2024-06-22
T001376,CUST0098,2023-10-06,2023-10-20
T001377,CUST0098,2021-03-15,2021-04-20
T001378,CUST0098,2023-12-31,2023-12-31
T001379,CUST0098,2020-06-21,2020-07-19
T001380,CUST0098,2023-11-09,2023-12-08
T001381,CUST0098,2022-03-20,2022-04-07
T001382,CUST0098,2024-01-07,2024-01-11
T001383,CUST0098,2020-01-27,2020-03-03
T001384,CUST0098,2023-10-02,2023-10-19
T001385,CUST0098,2022-01-20,2022-03-06
T001386,CUST0098,2024-11-05,2024-11-30
T001387,CUST0098,2021-04-04,2021-05-03
T001388,CUST0099,2024-09-19,2024-10-19
T001389,CUST0099,2021-07-11,2021-08-12
T001390,CUST0099,2024-01-18,2024-02-18
T001391,CUST0099,2021-06-20,2021-07-28
T001392,CUST0099,2020-10-28,2020-12-10
T001393,CUST0099,2022-12-02,2023-01-04
T001394,CUST0099,2022-04-04,2022-04-27
T001395,CUST0099,2024-08-04,2024-09-07
T001396,CUST0099,2022-10-22,2022-12-06
T001397,CUST0099,2023-07-16,2023-07-16
T001398,CUST0099,2020-02-08,2020-03-14
T001399,CUST0099,2021-01-08,2021-01-27
T001400,CUST0100,2023-06-02,2023-06-22
T001401,CUST0100,2021-01-29,2021-02-09
T001402,CUST0100,2021-02-21,2021-03-20
T001403,CUST0100,2023-11-12,2023-11-14
T001404,CUST0100,2023-10-20,2023-11-14
T001405,CUST0100,2023-04-27,2023-04-30
T001406,CUST0100,2020-03-21,2020-04-09
T001407,CUST0100,2022-03-11,2022-03-12
T001408,CUST0101,2024-04-05,2024-04-07
T001409,CUST0101,2023-07-10,2023-07-19
T001410,CUST0101,2023-02-23,2023-03-24
T001411,CUST0101,2023-04-03,2023-04-17
T001412,CUST0101,2023-03-24,2023-05-02
T001413,CUST0101,2021-07-01,2021-08-02
T001414,CUST0101,2023-04-11,2023-04-21
T001415,CUST0101,2021-02-08,2021-03-20
T001416,CUST0101,2023-08-31,2023-09-02
T001417,CUST0101,2021-07-27,2021-08-12
T001418,CUST0101,2022-09-27,2022-10-22
T001419,CUST0102,2022-11-15,2022-12-16
T001420,CUST0102,2020-06-13,2020-07-01
T001421,CUST0102,2023-08-08,2023-09-07
T001422,CUST0102,2024-09-27,2024-10-23
T001423,CUST0102,2023-08-10,2023-09-11
T001424,CUST0102,2022-12-27,2023-01-31
T001425,CUST0102,2021-05-23,2021-06-22
T001426,CUST0102,2021-10-07,2021-10-14
T001427,CUST0103,2022-03-22,2022-04-03
T001428,CUST0103,2023-02-16,2023-03-15
T001429,CUST0103,2022-01-11,2022-02-03
T001430,CUST0103,2021-06-30,2021-07-05
T001431,CUST0103,2020-12-15,2020-12-30
T001432,CUST0103,2023-07-24,2023-08-18
T001433,CUST0103,2023-01-21,2023-02-14
T001434,CUST0103,2021-09-09,2021-09-15
T001435,CUST0104,2024-02-26,2024-03-05
T001436,CUST0104,2024-04-13,2024-04-20
T001437,CUST0104,2024-04-16,2024-04-23
T001438,CUST0104,2023-03-12,2023-03-23
T001439,CUST0104,2023-10-24,2023-12-05
T001440,CUST0104,2023-12-13,2023-12-28
T001441,CUST0104,2022-06-27,2022-08-02
T001442,CUST0104,2020-10-28,2020-11-11
T001443,CUST0104,2021-12-15,2022-01-24
T001444,CUST0105,2022-02-10,2022-03-16
T001445,CUST0105,2022-03-16,2022-03-21
T001446,CUST0105,2021-09-26,2021-10-01
T001447,CUST0105,2023-11-28,2023-12-13
T001448,CUST0105,2024-02-10,2024-03-26
T001449,CUST0105,2021-11-27,2021-12-03
T001450,CUST0105,2023-09-17,2023-09-19
T001451,CUST0105,2021-06-14,2021-06-23
T001452,CUST0105,2022-03-01,2022-04-04
T001453,CUST0105,2022-03-16,2022-04-28
T001454,CUST0105,2024-09-21,2024-09-22
T001455,CUST0105,2024-10-14,2024-10-17
T001456,CUST0105,2020-09-16,2020-10-20
T001457,CUST0105,2021-09-19,2021-10-09
T001458,CUST0105,2022-09-08,2022-09-14
T001459,CUST0105,2023-03-21,2023-04-27
T001460,CUST0106,2020-08-02,2020-08-25
T001461,CUST0106,2022-04-16,2022-05-05
T001462,CUST0106,2021-02-22,2021-03-30
T001463,CUST0106,2024-04-07,2024-05-22
T001464,CUST0106,2022-03-21,2022-04-20
T001465,CUST0106,2024-09-17,2024-10-28
T001466,CUST0106,2023-05-15,2023-06-24
T001467,CUST0106,2020-09-04,2020-09-17
T001468,CUST0106,2022-05-28,2022-06-26
T001469,CUST0107,2021-05-02,2021-05-08
T001470,CUST0107,2022-06-15,2022-07-21
T001471,CUST0107,2024-11-10,2024-12-25
T001472,CUST0107,2022-11-11,2022-11-23
T001473,CUST0107,2024-02-15,2024-02-23
T001474,CUST0107,2021-04-01,2021-04-30
T001475,CUST0107,2024-09-02,2024-09-06
T001476,CUST0107,2024-02-18,2024-03-25
T001477,CUST0107,2020-10-06,2020-10-14
T001478,CUST0107,2021-05-20,2021-06-15
T001479,CUST0107,2024-03-29,2024-03-30
T001480,CUST0107,2024-04-20,2024-04-28
T001481,CUST0107,2023-12-16,2024-01-17
T001482,CUST0107,2020-06-20,2020-07-18
T001483,CUST0107,2023-04-23,2023-04-29
T001484,CUST0107,2024-07-03,2024-07-11
T001485,CUST0107,2024-05-17,2024-06-19
T001486,CUST0107,2021-12-10,2022-01-24
T001487,CUST0108,2021-04-26,2021-06-10
T001488,CUST0108,2023-12-19,2024-01-20
T001489,CUST0108,2020-04-13,2020-04-16
T001490,CUST0108,2022-05-10,2022-06-17
T001491,CUST0108,2024-08-14,2024-08-23
T001492,CUST0108,2022-12-27,2023-02-02
T001493,CUST0108,2021-09-30,2021-10-07
T001494,CUST0108,2023-08-06,2023-09-16
T001495,CUST0108,2022-11-06,2022-12-03
T001496,CUST0108,2022-07-11,2022-07-18
T001497,CUST0108,2024-01-23,2024-03-06
T001498,CUST0108,2023-11-24,2023-12-23
T001499,CUST0108,2022-03-17,2022-04-28
T001500,CUST0108,2023-05-06,2023-06-03
T001501,CUST0109,2020-05-27,2020-06-11
T001502,CUST0109,2020-12-28,2021-01-05
T001503,CUST0109,2022-11-28,2022-12-23
T001504,CUST0109,2023-05-22,2023-06-05
T001505,CUST0109,2020-09-22,2020-10-27
T001506,CUST0109,2023-03-18,2023-04-25
T001507,CUST0109,2023-03-26,2023-04-25
T001508,CUST0109,2023-08-11,2023-08-23
T001509,CUST0109,2021-03-30,2021-04-21
T001510,CUST0109,2021-05-06,2021-06-18
T001511,CUST0109,2020-09-28,2020-10-17
T001512,CUST0109,2022-11-21,2022-12-04
T001513,CUST0109,2021-08-01,2021-09-06
T001514,CUST0109,2023-01-10,2023-02-23
T001515,CUST0109,2023-07-29,2023-08-24
T001516,CUST0110,2023-01-22,2023-02-17
T001517,CUST0110,2022-11-26,2022-12-11
T001518,CUST0110,2023-01-15,2023-02-17
T001519,CUST0110,2023-11-15,2023-12-02
T001520,CUST0110,2022-02-16,2022-03-10
T001521,CUST0110,2022-07-23,2022-08-25
T001522,CUST0110,2020-08-07,2020-09-07
T001523,CUST0110,2022-07-25,2022-09-04
T001524,CUST0110,2024-04-10,2024-04-28
T001525,CUST0110,2020-06-03,2020-07-05
T001526,CUST0110,2024-07-15,2024-07-16
T001527,CUST0110,2020-09-09,2020-10-09
T001528,CUST0110,2022-04-09,2022-05-02
T001529,CUST0110,2022-11-20,2022-12-11
T001530,CUST0110,2024-11-23,2024-12-06
T001531,CUST0111,2020-10-23,2020-11-19
T001532,CUST0111,2022-07-28,2022-08-26
T001533,CUST0111,2023-09-12,2023-09-28
T001534,CUST0111,2024-05-12,2024-06-25
T001535,CUST0111,2020-01-17,2020-02-29
T001536,CUST0111,2021-04-23,2021-05-05
T001537,CUST0111,2021-09-01,2021-09-03
T001538,CUST0111,2023-03-31,2023-04-10
T001539,CUST0111,2023-02-27,2023-03-01
T001540,CUST0111,2024-06-24,2024-08-02
T001541,CUST0111,2023-07-23,2023-08-08
T001542,CUST0111,2021-03-15,2021-04-25
T001543,CUST0111,2023-05-31,2023-06-23
T001544,CUST0111,2021-02-25,2021-02-27
T001545,CUST0111,2023-05-12,2023-06-21
T001546,CUST0111,2023-11-09,2023-11-19
T001547,CUST0112,2023-08-11,2023-08-22
T001548,CUST0112,2020-03-03,2020-03-30
T001549,CUST0112,2020-02-11,2020-03-23
T001550,CUST0112,2021-09-16,2021-10-18
T001551,CUST0112,2022-09-24,2022-10-26
T001552,CUST0112,2024-02-06,2024-03-18
T001553,CUST0112,2024-10-11,2024-10-28
T001554,CUST0112,2020-04-02,2020-04-14
T001555,CUST0112,2020-12-15,2021-01-09
T001556,CUST0112,2023-01-06,2023-02-01
T001557,CUST0112,2022-07-24,2022-09-01
T001558,CUST0112,2022-04-18,2022-05-27
T001559,CUST0112,2024-05-05,2024-05-28
T001560,CUST0112,2024-01-05,2024-01-16
T001561,CUST0113,2023-05-08,2023-05-18
T001562,CUST0113,2022-05-01,2022-05-02
T001563,CUST0113,2023-07-18,2023-08-03
T001564,CUST0113,2020-11-18,2020-12-23
T001565,CUST0113,2022-10-15,2022-10-18
T001566,CUST0113,2020-06-03,2020-07-09
T001567,CUST0113,2024-03-01,2024-03-09
T001568,CUST0113,2024-02-22,2024-04-03
T001569,CUST0113,2020-11-24,2020-11-29
T001570,CUST0113,2020-12-15,2020-12-29
T001571,CUST0113,2021-01-09,2021-01-23
T001572,CUST0113,2024-01-05,2024-02-19
T001573,CUST0113,2023-12-16,2024-01-01
T001574,CUST0114,2023-09-20,2023-10-01
T001575,CUST0114,2021-09-20,2021-11-01
T001576,CUST0114,2022-04-18,2022-04-26
T001577,CUST0114,2023-03-17,2023-04-01
T001578,CUST0114,2022-07-21,2022-08-19
T001579,CUST0114,2021-02-15,2021-03-15
T001580,CUST0114,2020-10-31,2020-11-09
T001581,CUST0114,2024-09-19,2024-10-24
T001582,CUST0114,2023-01-03,2023-02-08
T001583,CUST0115,2023-05-27,2023-06-15
T001584,CUST0115,2024-09-14,2024-10-25
T001585,CUST0115,2022-07-02,2022-07-12
T001586,CUST0115,2023-04-23,2023-05-03
T001587,CUST0115,2020-04-13,2020-05-15
T001588,CUST0115,2020-02-28,2020-03-15
T001589,CUST0115,2020-07-08,2020-08-03
T001590,CUST0115,2021-12-07,2021-12-17
T001591,CUST0115,2023-09-23,2023-11-04
T001592,CUST0115,2024-08-29,2024-10-05
T001593,CUST0115,2023-08-31,2023-10-07
T001594,CUST0115,2021-09-09,2021-09-10
T001595,CUST0115,2024-12-01,2024-12-01
T001596,CUST0116,2020-05-09,2020-06-15
T001597,CUST0116,2021-09-20,2021-09-22
T001598,CUST0116,2021-08-16,2021-08-16
T001599,CUST0116,2024-04-02,2024-04-20
T001600,CUST0116,2024-03-17,2024-04-30
T001601,CUST0116,2024-03-04,2024-03-16
T001602,CUST0116,2022-06-01,2022-06-14
T001603,CUST0116,2022-10-17,2022-11-13
T001604,CUST0116,2022-03-07,2022-04-01
T001605,CUST0116,2021-11-05,2021-11-21
T001606,CUST0116,2020-06-04,2020-07-13
T001607,CUST0116,2024-01-03,2024-02-05
T001608,CUST0116,2022-11-25,2023-01-09
T001609,CUST0117,2020-02-10,2020-03-05
T001610,CUST0117,2024-11-07,2024-11-14
T001611,CUST0117,2021-07-23,2021-08-30
T001612,CUST0117,2020-05-03,2020-06-03
T001613,CUST0117,2021-12-04,2021-12-24
T001614,CUST0117,2021-06-25,2021-07-11
T001615,CUST0117,2021-06-26,2021-06-29
T001616,CUST0117,2022-07-11,2022-08-19
T001617,CUST0117,2021-12-08,2022-01-05
T001618,CUST0117,2024-10-28,2024-12-02
T001619,CUST0117,2020-09-15,2020-10-24
T001620,CUST0117,2020-09-05,2020-09-21
T001621,CUST0117,2024-02-18,2024-03-07
T001622,CUST0117,2024-09-17,2024-10-29
T001623,CUST0118,2020-07-16,2020-08-07
T001624,CUST0118,2022-03-28,2022-04-04
T001625,CUST0118,2023-03-21,2023-04-05
T001626,CUST0118,2020-09-12,2020-10-05
T001627,CUST0118,2021-09-05,2021-10-05
T001628,CUST0118,2021-04-27,2021-06-07
T001629,CUST0118,2024-09-25,2024-10-24
T001630,CUST0118,2020-01-03,2020-02-13
T001631,CUST0118,2021-01-02,2021-01-19
T001632,CUST0118,2024-12-01,2025-01-10
T001633,CUST0118,2021-06-18,2021-07-25
T001634,CUST0119,2022-11-16,2022-12-23
T001635,CUST0119,2024-11-12,2024-12-17
T001636,CUST0119,2022-01-13,2022-01-31
T001637,CUST0119,2021-08-22,2021-09-11
T001638,CUST0119,2022-10-01,2022-10-15
T001639,CUST0119,2022-10-19,2022-11-26
T001640,CUST0119,2023-05-01,2023-05-08
T001641,CUST0119,2023-09-10,2023-10-03
T001642,CUST0119,2021-09-07,2021-09-22
T001643,CUST0119,2022-07-05,2022-07-06
T001644,CUST0120,2024-06-17,2024-06-28
T001645,CUST0120,2021-10-20,2021-11-26
T001646,CUST0120,2022-08-19,2022-09-14
T001647,CUST0120,2021-08-28,2021-10-04
T001648,CUST0120,2020-11-21,2020-12-06
T001649,CUST0120,2022-07-27,2022-08-11
T001650,CUST0120,2022-04-30,2022-05-24
T001651,CUST0120,2023-09-15,2023-09-22
T001652,CUST0120,2023-12-23,2024-01-25
T001653,CUST0120,2023-03-20,2023-03-23
T001654,CUST0120,2020-05-25,2020-06-01
T001655,CUST0120,2021-03-31,2021-05-11
T001656,CUST0120,2020-11-21,2020-11-29
T001657,CUST0120,2020-04-04,2020-04-22
T001658,CUST0120,2023-08-09,2023-08-31
T001659,CUST0120,2021-08-26,2021-10-04
T001660,CUST0121,2023-11-12,2023-12-04
T001661,CUST0121,2023-08-02,2023-08-21
T001662,CUST0121,2023-05-04,2023-06-15
T001663,CUST0121,2020-11-11,2020-12-05
T001664,CUST0121,2021-02-27,2021-03-05
T001665,CUST0121,2022-08-24,2022-08-28
T001666,CUST0121,2022-10-13,2022-11-04
T001667,CUST0121,2023-12-30,2024-01-04
T001668,CUST0121,2022-11-18,2022-12-15
T001669,CUST0121,2024-05-27,2024-06-19
T001670,CUST0121,2024-08-02,2024-09-09
T001671,CUST0121,2023-01-30,2023-02-28
T001672,CUST0121,2021-09-06,2021-10-17
T001673,CUST0121,2020-05-18,2020-06-17
T001674,CUST0122,2024-02-06,2024-02-09
T001675,CUST0122,2022-10-21,2022-10-24
T001676,CUST0122,2022-05-20,2022-05-29
T001677,CUST0122,2024-01-07,2024-01-29
T001678,CUST0122,2024-04-23,2024-05-14
T001679,CUST0122,2022-09-20,2022-10-18
T001680,CUST0122,2024-06-22,2024-07-16
T001681,CUST0122,2022-08-20,2022-09-07
T001682,CUST0122,2023-07-22,2023-08-14
T001683,CUST0122,2021-06-27,2021-07-05
T001684,CUST0122,2024-02-03,2024-03-01
T001685,CUST0122,2020-04-24,2020-05-26
T001686,CUST0122,2023-04-03,2023-04-17
T001687,CUST0122,2024-03-26,2024-04-01
T001688,CUST0122,2020-11-06,2020-12-21
T001689,CUST0122,2020-10-18,2020-10-19
T001690,CUST0122,2020-01-01,2020-02-04
T001691,CUST0122,2021-12-05,2022-01-01
T001692,CUST0123,2022-05-07,2022-06-17
T001693,CUST0123,2024-06-21,2024-08-01
T001694,CUST0123,2022-02-03,2022-03-05
T001695,CUST0123,2020-05-05,2020-06-02
T001696,CUST0123,2023-12-10,2024-01-19
T001697,CUST0123,2023-02-18,2023-03-20
T001698,CUST0123,2021-01-25,2021-01-31
T001699,CUST0123,2022-02-01,2022-02-09
T001700,CUST0123,2021-03-31,2021-04-14
T001701,CUST0123,2020-10-19,2020-11-26
T001702,CUST0123,2022-03-03,2022-04-12
T001703,CUST0124,2023-09-12,2023-09-16
T001704,CUST0124,2023-11-29,2024-01-03
T001705,CUST0124,2020-06-21,2020-07-30
T001706,CUST0124,2023-01-18,2023-03-04
T001707,CUST0124,2022-12-13,2023-01-11
T001708,CUST0124,2021-06-08,2021-06-10
T001709,CUST0124,2024-12-16,2024-12-19
T001710,CUST0124,2020-01-28,2020-02-28
T001711,CUST0124,2021-08-28,2021-09-09
T001712,CUST0124,2023-11-20,2023-11-21
T001713,CUST0124,2021-08-12,2021-08-26
T001714,CUST0125,2020-02-25,2020-03-25
T001715,CUST0125,2021-10-09,2021-10-28
T001716,CUST0125,2021-10-03,2021-10-15
T001717,CUST0125,2020-03-23,2020-03-28
T001718,CUST0125,2024-10-02,2024-11-14
T001719,CUST0125,2023-09-29,2023-10-30
T001720,CUST0125,2023-08-30,2023-10-11
T001721,CUST0125,2021-04-06,2021-05-19
T001722,CUST0126,2021-04-22,2021-06-03
T001723,CUST0126,2020-05-26,2020-05-30
T001724,CUST0126,2024-07-19,2024-07-26
T001725,CUST0126,2023-02-28,2023-04-08
T001726,CUST0126,2021-06-12,2021-07-23
T001727,CUST0126,2021-11-09,2021-11-27
T001728,CUST0126,2022-06-11,2022-07-18
T001729,CUST0126,2023-01-22,2023-01-23
T001730,CUST0126,2020-05-10,2020-05-20
T001731,CUST0127,2024-06-09,2024-06-15
T001732,CUST0127,2020-03-10,2020-04-19
T001733,CUST0127,2023-12-07,2023-12-28
T001734,CUST0127,2023-01-30,2023-03-05
T001735,CUST0127,2021-08-08,2021-09-09
T001736,CUST0127,2021-03-18,2021-03-26
T001737,CUST0127,2023-09-22,2023-10-18
T001738,CUST0127,2022-10-14,2022-10-20
T001739,CUST0127,2021-08-02,2021-08-13
T001740,CUST0127,2021-12-03,2022-01-05
T001741,CUST0128,2021-07-18,2021-08-22
T001742,CUST0128,2023-08-15,2023-08-19
T001743,CUST0128,2021-02-28,2021-04-08
T001744,CUST0128,2024-03-15,2024-03-24
T001745,CUST0128,2023-05-30,2023-07-07
T001746,CUST0128,2023-11-05,2023-12-11
T001747,CUST0128,2024-05-08,2024-05-16
T001748,CUST0128,2022-10-10,2022-11-04
T001749,CUST0128,2021-04-15,2021-05-21
T001750,CUST0128,2022-04-30,2022-05-08
T001751,CUST0128,2020-02-14,2020-03-01
T001752,CUST0128,2022-03-24,2022-04-27
T001753,CUST0128,2022-01-02,2022-01-30
T001754,CUST0128,2020-03-28,2020-05-05
T001755,CUST0128,2020-06-25,2020-08-03
T001756,CUST0128,2023-03-18,2023-04-06
T001757,CUST0128,2020-04-10,2020-05-14
T001758,CUST0129,2021-06-20,2021-07-04
T001759,CUST0129,2021-08-12,2021-08-12
T001760,CUST0129,2022-09-19,2022-09-22
T001761,CUST0129,2024-08-13,2024-09-20
T001762,CUST0129,2023-01-20,2023-02-22
T001763,CUST0129,2023-08-27,2023-09-08
T001764,CUST0129,2022-12-25,2023-01-26
T001765,CUST0129,2024-08-23,2024-08-29
T001766,CUST0129,2020-11-01,2020-12-04
T001767,CUST0129,2020-04-19,2020-04-24
T001768,CUST0129,2020-05-21,2020-06-17
T001769,CUST0129,2023-05-17,2023-07-01
T001770,CUST0130,2024-09-12,2024-10-26
T001771,CUST0130,2020-05-27,2020-06-09
T001772,CUST0130,2022-12-20,2022-12-25
T001773,CUST0130,2022-05-19,2022-05-24
T001774,CUST0130,2020-04-03,2020-05-18
T001775,CUST0130,2023-07-10,2023-08-12
T001776,CUST0130,2022-07-12,2022-08-01
T001777,CUST0130,2023-02-17,2023-04-01
T001778,CUST0130,2020-09-05,2020-10-01
T001779,CUST0130,2020-12-18,2020-12-22
T001780,CUST0131,2020-06-30,2020-08-11
T001781,CUST0131,2021-02-13,2021-03-01
T001782,CUST0131,2020-11-09,2020-12-24
T001783,CUST0131,2020-06-13,2020-06-23
T001784,CUST0131,2023-10-06,2023-10-14
T001785,CUST0131,2024-09-25,2024-10-28
T001786,CUST0131,2024-04-18,2024-04-29
T001787,CUST0131,2021-03-21,2021-05-03
T001788,CUST0131,2024-09-15,2024-09-17
T001789,CUST0131,2024-08-16,2024-09-11
T001790,CUST0131,2024-07-04,2024-08-09
T001791,CUST0131,2021-06-19,2021-07-23
T001792,CUST0131,2024-07-25,2024-09-07
T001793,CUST0131,2020-02-17,2020-02-27
T001794,CUST0131,2021-06-14,2021-07-12
T001795,CUST0131,2020-06-29,2020-07-04
T001796,CUST0132,2020-09-22,2020-10-10
T001797,CUST0132,2023-09-13,2023-10-28
T001798,CUST0132,2023-06-23,2023-07-04
T001799,CUST0132,2023-11-16,2023-12-30
T001800,CUST0132,2024-05-13,2024-06-26
T001801,CUST0132,2020-12-07,2021-01-14
T001802,CUST0132,2023-07-29,2023-09-07
T001803,CUST0132,2024-01-21,2024-02-14
T001804,CUST0132,2021-03-19,2021-05-03
T001805,CUST0132,2022-06-12,2022-07-10
T001806,CUST0132,2021-08-07,2021-09-12
T001807,CUST0133,2020-07-01,2020-08-09
T001808,CUST0133,2023-09-15,2023-10-19
T001809,CUST0133,2023-07-11,2023-07-11
T001810,CUST0133,2023-06-25,2023-07-13
T001811,CUST0133,2020-03-21,2020-04-27
T001812,CUST0133,2021-08-03,2021-09-16
T001813,CUST0133,2021-06-04,2021-06-15
T001814,CUST0133,2020-03-08,2020-04-20
T001815,CUST0133,2021-10-19,2021-11-09
T001816,CUST0134,2020-03-31,2020-03-31
T001817,CUST0134,2020-01-27,2020-02-04
T001818,CUST0134,2020-06-24,2020-07-02
T001819,CUST0134,2022-10-03,2022-11-15
T001820,CUST0134,2024-12-18,2025-01-21
T001821,CUST0134,2024-02-25,2024-03-07
T001822,CUST0134,2024-10-30,2024-11-06
T001823,CUST0134,2024-08-25,2024-09-08
T001824,CUST0135,2021-08-02,2021-09-08
T001825,CUST0135,2022-11-18,2022-12-16
T001826,CUST0135,2024-03-14,2024-04-14
T001827,CUST0135,2023-08-09,2023-09-21
T001828,CUST0135,2023-03-29,2023-04-27
T001829,CUST0135,2021-12-12,2021-12-15
T001830,CUST0135,2021-08-06,2021-08-30
T001831,CUST0135,2020-07-25,2020-08-30
T001832,CUST0135,2023-12-22,2023-12-27
T001833,CUST0135,2023-05-05,2023-05-08
T001834,CUST0135,2020-05-29,2020-07-07
T001835,CUST0135,2022-08-21,2022-08-25
T001836,CUST0135,2023-07-22,2023-07-29
T001837,CUST0135,2020-12-04,2020-12-27
T001838,CUST0135,2022-12-06,2023-01-01
T001839,CUST0135,2021-06-19,2021-07-25
T001840,CUST0135,2021-06-10,2021-07-13
T001841,CUST0135,2024-06-29,2024-07-02
T001842,CUST0136,2022-10-21,2022-10-31
T001843,CUST0136,2023-06-09,2023-07-12
T001844,CUST0136,2024-12-11,2024-12-16
T001845,CUST0136,2023-12-27,2024-02-10
T001846,CUST0136,2024-06-30,2024-07-05
T001847,CUST0136,2021-08-22,2021-09-09
T001848,CUST0136,2022-08-10,2022-08-20
T001849,CUST0136,2020-04-09,2020-05-14
T001850,CUST0136,2024-01-01,2024-01-02
T001851,CUST0136,2022-12-19,2023-01-15
T001852,CUST0137,2022-04-04,2022-05-19
T001853,CUST0137,2024-09-11,2024-10-18
T001854,CUST0137,2022-05-27,2022-06-06
T001855,CUST0137,2021-01-29,2021-02-02
T001856,CUST0137,2024-11-02,2024-11-17
T001857,CUST0137,2021-02-11,2021-03-14
T001858,CUST0137,2021-08-20,2021-08-21
T001859,CUST0137,2022-08-18,2022-09-23
T001860,CUST0137,2020-05-24,2020-06-20
T001861,CUST0137,2024-10-23,2024-11-30
T001862,CUST0137,2020-11-20,2020-12-05
T001863,CUST0137,2022-04-13,2022-04-27
T001864,CUST0137,2021-08-08,2021-08-13
T001865,CUST0137,2022-08-06,2022-08-13
T001866,CUST0137,2023-04-07,2023-04-20
T001867,CUST0137,2022-04-04,2022-04-19
T001868,CUST0138,2022-01-26,2022-02-26
T001869,CUST0138,2022-04-24,2022-05-25
T001870,CUST0138,2024-09-17,2024-09-30
T001871,CUST0138,2024-07-30,2024-08-31
T001872,CUST0138,2020-06-17,2020-07-13
T001873,CUST0138,2020-11-11,2020-12-21
T001874,CUST0138,2022-09-30,2022-10-31
T001875,CUST0138,2021-05-25,2021-05-29
T001876,CUST0138,2021-09-03,2021-10-08
T001877,CUST0138,2024-12-26,2024-12-30
T001878,CUST0138,2024-10-16,2024-11-30
T001879,CUST0138,2020-06-07,2020-07-08
T001880,CUST0138,2023-04-23,2023-05-22
T001881,CUST0138,2024-10-07,2024-10-26
T001882,CUST0139,2020-03-22,2020-04-17
T001883,CUST0139,2020-10-12,2020-11-01
T001884,CUST0139,2020-12-04,2020-12-11
T001885,CUST0139,2021-09-13,2021-10-18
T001886,CUST0139,2022-03-05,2022-04-13
T001887,CUST0139,2024-06-23,2024-08-01
T001888,CUST0139,2021-10-01,2021-10-24
T001889,CUST0139,2020-05-08,2020-05-21
T001890,CUST0139,2023-10-21,2023-11-07
T001891,CUST0139,2020-03-16,2020-04-04
T001892,CUST0140,2022-10-18,2022-10-31
T001893,CUST0140,2023-05-23,2023-06-10
T001894,CUST0140,2022-07-07,2022-08-21
T001895,CUST0140,2024-04-02,2024-04-16
T001896,CUST0140,2022-11-27,2022-12-21
T001897,CUST0140,2024-08-05,2024-09-13
T001898,CUST0140,2024-04-29,2024-05-30
T001899,CUST0140,2021-02-20,2021-03-05
T001900,CUST0140,2021-03-12,2021-04-15
T001901,CUST0140,2022-11-19,2022-12-13
T001902,CUST0140,2023-09-02,2023-09-03
T001903,CUST0140,2021-05-14,2021-06-17
T001904,CUST0140,2024-08-14,2024-09-20
T001905,CUST0140,2022-01-07,2022-01-14
T001906,CUST0140,2021-10-27,2021-11-14
T001907,CUST0140,2024-01-29,2024-02-20
T001908,CUST0140,2020-08-15,2020-09-13
T001909,CUST0140,2024-12-23,2025-01-31
T001910,CUST0140,2024-09-10,2024-09-16
T001911,CUST0141,2024-04-21,2024-05-13
T001912,CUST0141,2022-02-21,2022-04-02
T001913,CUST0141,2021-11-17,2021-12-07
T001914,CUST0141,2020-12-09,2020-12-15
T001915,CUST0141,2024-01-18,2024-02-26
T001916,CUST0141,2023-09-16,2023-10-12
T001917,CUST0141,2020-01-14,2020-01-23
T001918,CUST0141,2023-09-22,2023-10-03
T001919,CUST0141,2020-08-10,2020-09-06
T001920,CUST0141,2020-03-16,2020-03-29
T001921,CUST0141,2021-12-08,2021-12-16
T001922,CUST0141,2022-11-29,2022-12-12
T001923,CUST0141,2022-12-21,2022-12-25
T001924,CUST0141,2020-02-24,2020-03-25
T001925,CUST0141,2021-01-24,2021-02-25
T001926,CUST0141,2020-01-20,2020-01-31
T001927,CUST0141,2020-06-12,2020-07-19
T001928,CUST0141,2021-07-03,2021-08-14
T001929,CUST0142,2024-07-21,2024-08-28
T001930,CUST0142,2023-04-28,2023-05-15
T001931,CUST0142,2022-03-25,2022-05-03
T001932,CUST0142,2020-04-13,2020-04-19
T001933,CUST0142,2024-11-22,2024-11-24
T001934,CUST0142,2024-01-08,2024-01-22
T001935,CUST0142,2021-03-30,2021-04-09
T001936,CUST0142,2023-12-31,2024-02-12
T001937,CUST0142,2020-04-15,2020-04-18
T001938,CUST0142,2024-12-05,2025-01-11
T001939,CUST0142,2020-08-12,2020-09-20
T001940,CUST0142,2020-07-07,2020-07-15
T001941,CUST0142,2024-03-08,2024-04-22
T001942,CUST0143,2023-04-10,2023-04-24
T001943,CUST0143,2022-10-11,2022-10-21
T001944,CUST0143,2024-06-11,2024-06-22
T001945,CUST0143,2021-11-10,2021-11-27
T001946,CUST0143,2020-09-10,2020-10-07
T001947,CUST0143,2024-10-24,2024-11-17
T001948,CUST0143,2023-09-13,2023-10-28
T001949,CUST0143,2023-03-11,2023-04-21
T001950,CUST0144,2022-01-05,2022-01-15
T001951,CUST0144,2023-03-07,2023-03-27
T001952,CUST0144,2023-10-23,2023-11-09
T001953,CUST0144,2020-07-14,2020-08-22
T001954,CUST0144,2023-02-06,2023-03-21
T001955,CUST0144,2023-08-21,2023-09-22
T001956,CUST0144,2023-06-16,2023-06-17
T001957,CUST0144,2020-02-27,2020-03-18
T001958,CUST0144,2024-09-22,2024-10-05
T001959,CUST0144,2020-01-02,2020-02-04
T001960,CUST0144,2020-06-23,2020-07-08
T001961,CUST0144,2021-02-02,2021-02-13
T001962,CUST0144,2023-04-11,2023-05-10
T001963,CUST0144,2022-07-05,2022-07-13
T001964,CUST0144,2020-02-04,2020-02-08
T001965,CUST0144,2021-07-18,2021-07-24
T001966,CUST0144,2020-12-28,2020-12-29
T001967,CUST0145,2022-08-15,2022-09-23
T001968,CUST0145,2020-07-01,2020-08-08
T001969,CUST0145,2022-02-17,2022-02-23
T001970,CUST0145,2022-10-10,2022-10-25
T001971,CUST0145,2024-02-26,2024-03-02
T001972,CUST0145,2020-01-30,2020-03-09
T001973,CUST0145,2021-02-14,2021-03-26
T001974,CUST0145,2021-05-01,2021-06-05
T001975,CUST0145,2023-02-07,2023-03-10
T001976,CUST0145,2023-12-29,2024-01-22
T001977,CUST0145,2024-03-08,2024-04-18
T001978,CUST0145,2022-12-02,2022-12-06
T001979,CUST0145,2021-10-02,2021-11-09
T001980,CUST0145,2021-03-06,2021-03-25
T001981,CUST0145,2023-04-08,2023-05-07
T001982,CUST0145,2022-06-16,2022-07-17
T001983,CUST0146,2022-02-07,2022-03-03
T001984,CUST0146,2020-09-28,2020-11-04
T001985,CUST0146,2023-06-06,2023-06-24
T001986,CUST0146,2022-07-14,2022-07-17
T001987,CUST0146,2022-04-03,2022-05-14
T001988,CUST0146,2024-04-26,2024-05-22
T001989,CUST0146,2024-06-30,2024-07-09
T001990,CUST0146,2021-01-26,2021-03-10
T001991,CUST0146,2022-05-04,2022-06-07
T001992,CUST0146,2020-11-20,2020-11-21
T001993,CUST0146,2022-11-20,2022-12-12
T001994,CUST0146,2022-04-25,2022-06-08
T001995,CUST0146,2023-07-01,2023-07-24
T001996,CUST0146,2024-07-21,2024-07-28
T001997,CUST0146,2022-04-04,2022-04-25
T001998,CUST0147,2023-06-05,2023-06-16
T001999,CUST0147,2020-08-13,2020-09-21
T002000,CUST0147,2023-07-29,2023-08-26
T002001,CUST0147,2024-06-03,2024-06-19
T002002,CUST0147,2023-01-28,2023-02-01
T002003,CUST0147,2024-07-14,2024-08-08
T002004,CUST0147,2020-11-25,2021-01-04
T002005,CUST0147,2021-07-14,2021-08-06
T002006,CUST0147,2024-09-30,2024-10-10
T002007,CUST0147,2020-03-20,2020-04-07
T002008,CUST0147,2021-04-11,2021-05-26
T002009,CUST0147,2021-02-04,2021-03-08
T002010,CUST0147,2022-10-15,2022-11-25
T002011,CUST0147,2020-09-28,2020-09-28
T002012,CUST0147,2024-03-21,2024-03-22
T002013,CUST0147,2020-10-20,2020-11-15
T002014,CUST0147,2024-08-09,2024-08-22
T002015,CUST0147,2021-02-27,2021-04-05
T002016,CUST0147,2024-07-13,2024-08-12
T002017,CUST0148,2022-01-22,2022-02-04
T002018,CUST0148,2022-12-27,2022-12-27
T002019,CUST0148,2024-01-15,2024-02-20
T002020,CUST0148,2022-10-14,2022-11-18
T002021,CUST0148,2020-04-22,2020-05-30
T002022,CUST0148,2021-10-28,2021-11-04
T002023,CUST0148,2022-03-02,2022-03-22
T002024,CUST0148,2021-07-04,2021-07-15
T002025,CUST0148,2022-10-23,2022-10-27
T002026,CUST0148,2023-07-10,2023-08-16
T002027,CUST0149,2022-04-24,2022-05-09
T002028,CUST0149,2023-10-14,2023-11-20
T002029,CUST0149,2020-05-24,2020-06-19
T002030,CUST0149,2021-06-07,2021-06-29
T002031,CUST0149,2021-03-01,2021-03-09
T002032,CUST0149,2024-06-09,2024-07-22
T002033,CUST0149,2022-06-05,2022-06-11
T002034,CUST0149,2021-08-14,2021-08-28
T002035,CUST0149,2022-06-27,2022-07-26
T002036,CUST0149,2021-09-03,2021-10-06
T002037,CUST0149,2020-02-27,2020-03-03
T002038,CUST0149,2024-08-25,2024-10-06
T002039,CUST0149,2023-08-27,2023-10-10
T002040,CUST0149,2024-07-05,2024-08-13
T002041,CUST0149,2021-05-20,2021-06-18
T002042,CUST0150,2022-09-21,2022-10-22
T002043,CUST0150,2024-10-13,2024-11-24
T002044,CUST0150,2023-06-30,2023-08-14
T002045,CUST0150,2024-06-08,2024-06-29
T002046,CUST0150,2023-07-02,2023-08-03
T002047,CUST0150,2020-01-28,2020-01-29
T002048,CUST0150,2021-03-11,2021-04-10
T002049,CUST0150,2023-02-19,2023-03-12
T002050,CUST0150,2024-03-11,2024-04-04
T002051,CUST0150,2023-08-09,2023-09-04
T002052,CUST0150,2022-11-21,2022-12-12
T002053,CUST0150,2020-07-30,2020-08-14
T002054,CUST0150,2022-10-17,2022-11-13
T002055,CUST0150,2021-09-20,2021-10-17
T002056,CUST0150,2022-10-06,2022-10-14
T002057,CUST0150,2022-08-25,2022-08-28
T002058,CUST0150,2023-12-06,2024-01-16
T002059,CUST0150,2024-04-19,2024-05-05
T002060,CUST0150,2020-01-03,2020-01-26
T002061,CUST0151,2022-04-23,2022-05-24
T002062,CUST0151,2020-02-29,2020-03-16
T002063,CUST0151,2023-02-11,2023-03-19
T002064,CUST0151,2021-12-07,2021-12-07
T002065,CUST0151,2021-01-08,2021-01-15
T002066,CUST0151,2022-10-03,2022-10-28
T002067,CUST0151,2020-01-01,2020-01-03
T002068,CUST0151,2021-02-02,2021-03-04
T002069,CUST0151,2021-07-18,2021-08-29
T002070,CUST0151,2020-03-05,2020-04-12
T002071,CUST0151,2021-08-31,2021-10-02
T002072,CUST0151,2024-04-28,2024-06-09
T002073,CUST0151,2021-03-03,2021-04-05
T002074,CUST0152,2023-06-28,2023-07-18
T002075,CUST0152,2020-01-07,2020-01-15
T002076,CUST0152,2020-12-13,2021-01-26
T002077,CUST0152,2023-05-17,2023-06-03
T002078,CUST0152,2023-12-07,2024-01-05
T002079,CUST0152,2024-10-31,2024-12-08
T002080,CUST0152,2023-11-25,2023-12-02
T002081,CUST0152,2021-05-03,2021-06-03
T002082,CUST0153,2024-10-11,2024-11-16
T002083,CUST0153,2024-10-11,2024-11-04
T002084,CUST0153,2020-02-13,2020-02-24
T002085,CUST0153,2021-08-20,2021-09-04
T002086,CUST0153,2024-06-24,2024-07-09
T002087,CUST0153,2024-04-27,2024-05-18
T002088,CUST0153,2021-03-24,2021-05-08
T002089,CUST0153,2023-11-25,2023-12-12
T002090,CUST0153,2023-01-09,2023-01-21
T002091,CUST0153,2023-06-04,2023-06-22
T002092,CUST0153,2020-03-06,2020-04-12
T002093,CUST0153,2021-10-24,2021-10-27
T002094,CUST0154,2023-10-07,2023-11-12
T002095,CUST0154,2024-06-24,2024-07-18
T002096,CUST0154,2021-08-20,2021-08-24
T002097,CUST0154,2024-10-01,2024-10-20
T002098,CUST0154,2024-06-23,2024-06-26
T002099,CUST0154,2024-11-13,2024-12-19
T002100,CUST0154,2024-10-21,2024-11-30
T002101,CUST0154,2021-08-01,2021-08-03
T002102,CUST0154,2024-09-09,2024-09-22
T002103,CUST0154,2021-01-21,2021-03-01
T002104,CUST0154,2023-02-10,2023-03-08
T002105,CUST0154,2022-12-28,2023-02-07
T002106,CUST0155,2020-06-24,2020-08-01
T002107,CUST0155,2020-12-29,2021-01-01
T002108,CUST0155,2022-02-25,2022-04-08
T002109,CUST0155,2023-08-30,2023-09-03
T002110,CUST0155,2024-10-11,2024-11-22
T002111,CUST0155,2022-12-03,2022-12-06
T002112,CUST0155,2022-04-15,2022-05-18
T002113,CUST0155,2021-04-26,2021-05-02
T002114,CUST0155,2023-10-30,2023-11-04
T002115,CUST0155,2024-08-21,2024-09-06
T002116,CUST0155,2022-09-11,2022-09-16
T002117,CUST0156,2020-02-27,2020-04-12
T002118,CUST0156,2020-07-07,2020-08-21
T002119,CUST0156,2020-06-01,2020-06-23
T002120,CUST0156,2024-08-24,2024-09-27
T002121,CUST0156,2024-09-22,2024-09-27
T002122,CUST0156,2021-02-25,2021-03-29
T002123,CUST0156,2023-04-08,2023-04-17
T002124,CUST0156,2020-05-19,2020-06-26
T002125,CUST0156,2022-04-07,2022-04-09
T002126,CUST0156,2023-01-21,2023-02-19
T002127,CUST0157,2021-07-16,2021-08-25
T002128,CUST0157,2023-11-07,2023-11-10
T002129,CUST0157,2024-05-25,2024-06-18
T002130,CUST0157,2022-10-22,2022-11-28
T002131,CUST0157,2022-08-19,2022-08-30
T002132,CUST0157,2022-12-28,2023-01-07
T002133,CUST0157,2024-04-02,2024-05-16
T002134,CUST0157,2022-12-30,2023-01-31
T002135,CUST0157,2024-03-14,2024-03-21
T002136,CUST0157,2022-11-29,2022-12-08
T002137,CUST0157,2022-02-24,2022-03-23
T002138,CUST0157,2022-04-15,2022-05-21
T002139,CUST0157,2024-03-23,2024-05-05
T002140,CUST0157,2024-11-08,2024-12-03
T002141,CUST0157,2023-06-01,2023-06-12
T002142,CUST0157,2020-07-08,2020-07-19
T002143,CUST0157,2020-02-17,2020-04-02
T002144,CUST0158,2024-07-01,2024-07-11
T002145,CUST0158,2022-10-17,2022-11-21
T002146,CUST0158,2022-06-20,2022-07-29
T002147,CUST0158,2020-12-18,2021-01-16
T002148,CUST0158,2022-04-12,2022-04-29
T002149,CUST0158,2023-08-02,2023-08-23
T002150,CUST0158,2021-02-09,2021-03-25
T002151,CUST0158,2021-09-28,2021-11-06
T002152,CUST0158,2021-09-07,2021-10-02
T002153,CUST0158,2020-04-15,2020-05-22
T002154,CUST0159,2020-10-26,2020-11-05
T002155,CUST0159,2021-12-01,2022-01-11
T002156,CUST0159,2021-02-09,2021-03-26
T002157,CUST0159,2024-09-18,2024-09-20
T002158,CUST0159,2020-01-01,2020-02-07
T002159,CUST0159,2020-11-04,2020-11-17
T002160,CUST0159,2024-05-13,2024-06-05
T002161,CUST0159,2022-07-19,2022-08-20
T002162,CUST0159,2021-04-07,2021-05-08
T002163,CUST0159,2021-03-08,2021-04-07
T002164,CUST0159,2024-01-31,2024-02-11
T002165,CUST0159,2022-09-22,2022-09-23
T002166,CUST0159,2020-05-03,2020-06-10
T002167,CUST0159,2022-10-28,2022-11-14
T002168,CUST0159,2022-04-25,2022-06-03
T002169,CUST0160,2023-06-17,2023-07-08
T002170,CUST0160,2021-09-09,2021-10-09
T002171,CUST0160,2021-08-07,2021-09-05
T002172,CUST0160,2022-02-08,2022-03-12
T002173,CUST0160,2023-01-31,2023-02-13
T002174,CUST0160,2022-10-09,2022-10-31
T002175,CUST0160,2023-11-07,2023-12-16
T002176,CUST0160,2023-12-19,2024-01-14
T002177,CUST0160,2021-08-07,2021-08-21
T002178,CUST0160,2021-05-15,2021-06-08
T002179,CUST0160,2022-07-26,2022-08-02
T002180,CUST0160,2021-01-18,2021-02-11
T002181,CUST0160,2022-06-23,2022-06-23
T002182,CUST0160,2022-09-29,2022-11-13
T002183,CUST0160,2021-01-19,2021-02-11
T002184,CUST0160,2022-12-10,2022-12-25
T002185,CUST0161,2024-06-21,2024-06-26
T002186,CUST0161,2021-11-26,2022-01-02
T002187,CUST0161,2020-05-01,2020-05-22
T002188,CUST0161,2024-01-11,2024-01-27
T002189,CUST0161,2021-11-20,2021-12-15
T002190,CUST0161,2023-09-25,2023-09-30
T002191,CUST0161,2024-06-11,2024-07-03
T002192,CUST0161,2023-05-19,2023-05-23
T002193,CUST0161,2021-05-18,2021-05-22
T002194,CUST0161,2023-02-03,2023-03-16
T002195,CUST0161,2024-12-05,2025-01-01
T002196,CUST0161,2020-09-23,2020-10-27
T002197,CUST0161,2023-06-02,2023-06-08
T002198,CUST0161,2023-11-01,2023-11-03
T002199,CUST0161,2023-07-22,2023-08-12
T002200,CUST0162,2021-07-19,2021-07-23
T002201,CUST0162,2020-06-02,2020-06-30
T002202,CUST0162,2020-11-13,2020-11-28
T002203,CUST0162,2022-12-15,2023-01-13
T002204,CUST0162,2020-05-21,2020-06-19
T002205,CUST0162,2024-09-16,2024-10-12
T002206,CUST0162,2020-01-20,2020-02-26
T002207,CUST0162,2021-10-31,2021-11-05
T002208,CUST0162,2022-01-15,2022-02-12
T002209,CUST0162,2020-12-21,2021-01-01
T002210,CUST0162,2023-07-19,2023-08-12
T002211,CUST0162,2024-10-04,2024-11-18
T002212,CUST0162,2021-08-22,2021-08-30
T002213,CUST0162,2020-05-25,2020-07-08
T002214,CUST0162,2021-06-27,2021-07-04
T002215,CUST0163,2021-08-17,2021-09-25
T002216,CUST0163,2023-06-11,2023-06-24
T002217,CUST0163,2022-05-11,2022-06-07
T002218,CUST0163,2022-03-04,2022-03-15
T002219,CUST0163,2020-01-08,2020-01-09
T002220,CUST0163,2021-04-10,2021-05-03
T002221,CUST0163,2021-11-16,2021-12-20
T002222,CUST0163,2023-04-16,2023-05-24
T002223,CUST0163,2024-03-25,2024-04-07
T002224,CUST0164,2020-05-13,2020-05-20
T002225,CUST0164,2021-04-25,2021-05-06
T002226,CUST0164,2022-05-30,2022-06-11
T002227,CUST0164,2024-06-25,2024-07-25
T002228,CUST0164,2024-02-21,2024-03-01
T002229,CUST0164,2020-11-30,2021-01-09
T002230,CUST0164,2022-09-27,2022-11-04
T002231,CUST0164,2022-10-17,2022-11-02
T002232,CUST0164,2021-12-01,2021-12-12
T002233,CUST0165,2022-11-02,2022-12-14
T002234,CUST0165,2022-09-16,2022-09-20
T002235,CUST0165,2023-07-26,2023-09-07
T002236,CUST0165,2021-01-25,2021-02-18
T002237,CUST0165,2021-11-08,2021-12-11
T002238,CUST0165,2024-10-10,2024-10-26
T002239,CUST0165,2020-10-03,2020-10-05
T002240,CUST0165,2022-10-01,2022-10-10
T002241,CUST0165,2024-10-21,2024-10-29
T002242,CUST0165,2023-03-01,2023-03-23
T002243,CUST0165,2020-07-25,2020-08-16
T002244,CUST0165,2021-07-28,2021-08-25
T002245,CUST0165,2023-06-03,2023-06-27
T002246,CUST0165,2024-08-10,2024-09-20
T002247,CUST0166,2024-02-13,2024-02-22
T002248,CUST0166,2024-03-03,2024-03-24
T002249,CUST0166,2023-03-04,2023-03-30
T002250,CUST0166,2024-11-03,2024-11-28
T002251,CUST0166,2024-12-17,2025-01-23
T002252,CUST0166,2020-01-04,2020-01-15
T002253,CUST0166,2022-07-03,2022-08-10
T002254,CUST0166,2020-11-20,2020-12-28
T002255,CUST0166,2024-08-13,2024-09-21
T002256,CUST0166,2021-04-05,2021-04-24
T002257,CUST0166,2024-02-28,2024-03-28
T002258,CUST0166,2021-12-21,2022-01-16
T002259,CUST0167,2023-09-12,2023-10-02
T002260,CUST0167,2021-08-31,2021-09-30
T002261,CUST0167,2021-10-24,2021-11-21
T002262,CUST0167,2022-05-09,2022-06-01
T002263,CUST0167,2023-04-06,2023-04-13
T002264,CUST0167,2024-11-16,2024-12-31
T002265,CUST0167,2023-12-29,2024-01-29
T002266,CUST0167,2022-03-06,2022-04-06
T002267,CUST0168,2020-10-20,2020-11-13
T002268,CUST0168,2024-05-10,2024-05-18
T002269,CUST0168,2021-02-18,2021-02-18
T002270,CUST0168,2022-08-02,2022-09-08
T002271,CUST0168,2020-04-21,2020-05-08
T002272,CUST0168,2023-02-22,2023-03-17
T002273,CUST0168,2023-05-13,2023-06-21
T002274,CUST0168,2024-06-11,2024-06-16
T002275,CUST0168,2023-07-09,2023-08-08
T002276,CUST0168,2024-03-04,2024-03-22
T002277,CUST0168,2021-08-12,2021-09-21
T002278,CUST0168,2024-09-07,2024-10-21
T002279,CUST0168,2020-12-23,2021-01-02
T002280,CUST0169,2022-03-29,2022-05-01
T002281,CUST0169,2022-09-27,2022-11-02
T002282,CUST0169,2021-11-29,2022-01-07
T002283,CUST0169,2021-09-06,2021-09-14
T002284,CUST0169,2022-04-20,2022-05-31
T002285,CUST0169,2024-08-01,2024-08-30
T002286,CUST0169,2024-07-09,2024-07-12
T002287,CUST0169,2020-09-30,2020-11-12
T002288,CUST0170,2021-09-28,2021-11-06
T002289,CUST0170,2020-12-07,2021-01-11
T002290,CUST0170,2021-12-14,2021-12-20
T002291,CUST0170,2023-09-07,2023-09-22
T002292,CUST0170,2022-11-11,2022-11-15
T002293,CUST0170,2024-02-06,2024-03-21
T002294,CUST0170,2022-11-15,2022-12-14
T002295,CUST0170,2024-05-20,2024-07-01
T002296,CUST0170,2021-03-05,2021-04-07
T002297,CUST0170,2022-03-10,2022-03-11
T002298,CUST0171,2020-09-21,2020-09-26
T002299,CUST0171,2022-05-15,2022-06-16
T002300,CUST0171,2021-11-23,2021-12-23
T002301,CUST0171,2024-07-24,2024-08-06
T002302,CUST0171,2023-01-14,2023-02-04
T002303,CUST0171,2024-06-02,2024-07-16
T002304,CUST0171,2023-08-19,2023-09-19
T002305,CUST0171,2024-01-17,2024-02-14
T002306,CUST0171,2022-04-24,2022-05-12
T002307,CUST0171,2024-11-12,2024-12-05
T002308,CUST0171,2023-07-19,2023-08-30
T002309,CUST0171,2023-04-26,2023-05-26
T002310,CUST0171,2024-07-02,2024-08-08
T002311,CUST0171,2023-06-11,2023-07-11
T002312,CUST0172,2020-05-04,2020-06-11
T002313,CUST0172,2020-11-03,2020-11-24
T002314,CUST0172,2020-04-11,2020-04-24
T002315,CUST0172,2021-01-31,2021-03-07
T002316,CUST0172,2020-04-12,2020-04-29
T002317,CUST0172,2024-01-03,2024-01-11
T002318,CUST0172,2024-09-26,2024-10-12
T002319,CUST0172,2021-02-22,2021-03-08
T002320,CUST0172,2020-08-01,2020-08-25
T002321,CUST0172,2022-02-18,2022-02-22
T002322,CUST0172,2022-06-13,2022-07-20
T002323,CUST0173,2021-11-07,2021-11-25
T002324,CUST0173,2021-01-14,2021-02-21
T002325,CUST0173,2024-10-30,2024-12-13
T002326,CUST0173,2022-04-11,2022-04-28
T002327,CUST0173,2023-07-05,2023-08-17
T002328,CUST0173,2023-12-19,2024-01-06
T002329,CUST0173,2024-03-26,2024-04-29
T002330,CUST0173,2021-04-03,2021-05-05
T002331,CUST0173,2024-10-26,2024-11-07
T002332,CUST0173,2024-12-22,2024-12-23
T002333,CUST0173,2023-10-27,2023-11-09
T002334,CUST0173,2020-04-02,2020-04-07
T002335,CUST0173,2022-06-04,2022-07-01
T002336,CUST0173,2023-12-27,2023-12-27
T002337,CUST0173,2020-08-15,2020-09-16
T002338,CUST0173,2021-07-08,2021-08-02
T002339,CUST0173,2020-11-19,2020-12-10
T002340,CUST0174,2024-11-10,2024-11-30
T002341,CUST0174,2024-01-31,2024-03-09
T002342,CUST0174,2020-01-21,2020-02-29
T002343,CUST0174,2020-04-07,2020-05-05
T002344,CUST0174,2023-02-04,2023-03-15
T002345,CUST0174,2023-08-30,2023-10-13
T002346,CUST0174,2023-05-17,2023-05-23
T002347,CUST0174,2020-08-07,2020-09-14
T002348,CUST0174,2023-08-12,2023-09-11
T002349,CUST0174,2024-02-29,2024-03-17
T002350,CUST0174,2023-02-28,2023-03-12
T002351,CUST0174,2023-11-01,2023-11-13
T002352,CUST0174,2022-01-14,2022-02-28
T002353,CUST0174,2020-11-25,2020-12-11
T002354,CUST0174,2023-11-17,2023-12-17
T002355,CUST0175,2024-08-25,2024-08-30
T002356,CUST0175,2024-04-07,2024-05-12
T002357,CUST0175,2023-11-13,2023-11-13
T002358,CUST0175,2023-01-16,2023-01-23
T002359,CUST0175,2023-02-12,2023-03-13
T002360,CUST0175,2024-05-06,2024-05-29
T002361,CUST0175,2023-11-27,2023-12-30
T002362,CUST0175,2023-04-20,2023-05-04
T002363,CUST0175,2024-04-30,2024-06-06
T002364,CUST0176,2023-07-21,2023-08-17
T002365,CUST0176,2022-09-14,2022-10-12
T002366,CUST0176,2020-11-27,2021-01-11
T002367,CUST0176,2021-10-03,2021-11-06
T002368,CUST0176,2020-12-31,2021-01-08
T002369,CUST0176,2023-01-26,2023-02-14
T002370,CUST0176,2024-02-09,2024-02-25
T002371,CUST0176,2021-04-03,2021-04-23
T002372,CUST0176,2024-08-14,2024-08-16
T002373,CUST0176,2022-12-20,2023-01-15
T002374,CUST0176,2024-01-27,2024-01-30
T002375,CUST0176,2023-03-26,2023-04-01
T002376,CUST0176,2021-05-14,2021-06-12
T002377,CUST0176,2024-08-23,2024-09-18
T002378,CUST0176,2024-08-03,2024-08-19
T002379,CUST0176,2022-01-26,2022-03-09
T002380,CUST0176,2023-10-17,2023-11-07
T002381,CUST0176,2023-12-29,2024-01-30
T002382,CUST0176,2022-11-28,2022-12-21
T002383,CUST0177,2024-04-24,2024-05-12
T002384,CUST0177,2022-02-02,2022-02-27
T002385,CUST0177,2024-09-16,2024-09-30
T002386,CUST0177,2022-12-28,2023-01-07
T002387,CUST0177,2022-07-09,2022-08-05
T002388,CUST0177,2023-01-09,2023-01-11
T002389,CUST0177,2020-08-05,2020-08-28
T002390,CUST0177,2023-04-24,2023-06-01
T002391,CUST0177,2021-09-16,2021-09-17
T002392,CUST0177,2023-01-10,2023-02-17
T002393,CUST0177,2021-11-23,2022-01-06
T002394,CUST0177,2020-09-07,2020-09-11
T002395,CUST0177,2021-10-20,2021-10-23
T002396,CUST0177,2021-01-02,2021-01-03
T002397,CUST0178,2022-11-28,2022-12-07
T002398,CUST0178,2022-01-10,2022-02-23
T002399,CUST0178,2023-05-14,2023-05-17
T002400,CUST0178,2020-11-30,2020-12-21
T002401,CUST0178,2023-07-01,2023-07-13
T002402,CUST0178,2022-02-13,2022-03-06
T002403,CUST0178,2024-09-29,2024-11-05
T002404,CUST0178,2023-06-13,2023-07-17
T002405,CUST0178,2022-12-04,2023-01-18
T002406,CUST0178,2022-08-29,2022-10-05
T002407,CUST0178,2022-01-26,2022-01-26
T002408,CUST0178,2020-07-19,2020-08-15
T002409,CUST0178,2024-01-06,2024-01-13
T002410,CUST0179,2020-10-07,2020-10-16
T002411,CUST0179,2021-01-25,2021-01-26
T002412,CUST0179,2020-08-28,2020-09-01
T002413,CUST0179,2022-12-11,2022-12-11
T002414,CUST0179,2024-02-29,2024-04-13
T002415,CUST0179,2022-10-25,2022-11-21
T002416,CUST0179,2021-01-07,2021-01-26
T002417,CUST0179,2022-07-25,2022-08-11
T002418,CUST0179,2023-06-25,2023-08-01
T002419,CUST0179,2020-10-31,2020-11-21
T002420,CUST0179,2020-11-14,2020-12-26
T002421,CUST0179,2021-09-09,2021-10-09
T002422,CUST0179,2022-07-06,2022-07-15
T002423,CUST0179,2023-11-29,2024-01-08
T002424,CUST0179,2023-01-13,2023-02-16
T002425,CUST0180,2021-01-14,2021-02-06
T002426,CUST0180,2023-01-23,2023-03-05
T002427,CUST0180,2022-08-18,2022-08-19
T002428,CUST0180,2020-11-08,2020-11-30
T002429,CUST0180,2022-07-19,2022-08-11
T002430,CUST0180,2024-06-12,2024-07-09
T002431,CUST0180,2024-02-03,2024-02-11
T002432,CUST0180,2024-05-28,2024-06-03
T002433,CUST0180,2024-11-19,2024-12-15
T002434,CUST0180,2024-12-26,2025-01-24
T002435,CUST0180,2023-10-16,2023-11-27
T002436,CUST0180,2024-11-27,2024-12-09
T002437,CUST0180,2020-09-12,2020-09-30
T002438,CUST0180,2022-04-01,2022-04-11
T002439,CUST0181,2021-11-24,2021-12-14
T002440,CUST0181,2020-08-10,2020-08-12
T002441,CUST0181,2023-02-11,2023-02-11
T002442,CUST0181,2024-10-20,2024-11-12
T002443,CUST0181,2021-01-10,2021-01-29
T002444,CUST0181,2023-12-23,2024-01-27
T002445,CUST0181,2023-10-16,2023-10-25
T002446,CUST0181,2021-05-24,2021-05-30
T002447,CUST0181,2023-06-01,2023-06-06
T002448,CUST0182,2023-04-16,2023-05-09
T002449,CUST0182,2020-11-22,2020-12-06
T002450,CUST0182,2021-05-24,2021-06-07
T002451,CUST0182,2023-06-02,2023-06-23
T002452,CUST0182,2022-06-08,2022-07-03
T002453,CUST0182,2021-05-08,2021-05-16
T002454,CUST0182,2022-07-27,2022-08-11
T002455,CUST0182,2020-09-30,2020-10-08
T002456,CUST0182,2021-08-05,2021-09-16
T002457,CUST0182,2024-01-25,2024-01-30
T002458,CUST0182,2024-06-01,2024-07-06
T002459,CUST0182,2024-09-29,2024-10-14
T002460,CUST0183,2022-05-27,2022-06-08
T002461,CUST0183,2023-12-04,2023-12-05
T002462,CUST0183,2022-03-25,2022-04-22
T002463,CUST0183,2020-10-26,2020-11-10
T002464,CUST0183,2021-08-03,2021-08-05
T002465,CUST0183,2024-03-16,2024-04-09
T002466,CUST0183,2020-07-16,2020-07-23
T002467,CUST0183,2022-04-13,2022-04-20
T002468,CUST0183,2022-06-13,2022-06-15
T002469,CUST0183,2020-11-24,2021-01-04
T002470,CUST0183,2024-02-21,2024-03-17
T002471,CUST0183,2020-12-13,2020-12-18
T002472,CUST0184,2020-09-25,2020-10-02
T002473,CUST0184,2024-09-08,2024-10-13
T002474,CUST0184,2020-05-18,2020-06-05
T002475,CUST0184,2023-02-01,2023-03-03
T002476,CUST0184,2020-02-24,2020-02-28
T002477,CUST0184,2021-11-27,2021-12-12
T002478,CUST0184,2024-09-16,2024-10-20
T002479,CUST0184,2021-10-31,2021-12-02
T002480,CUST0185,2024-06-20,2024-06-23
T002481,CUST0185,2023-11-21,2023-11-24
T002482,CUST0185,2022-12-24,2023-01-19
T002483,CUST0185,2023-04-16,2023-05-29
T002484,CUST0185,2020-03-04,2020-04-12
T002485,CUST0185,2022-11-05,2022-12-04
T002486,CUST0185,2022-10-02,2022-11-16
T002487,CUST0185,2022-10-31,2022-11-19
T002488,CUST0185,2022-11-04,2022-12-18
T002489,CUST0185,2020-12-27,2021-01-20
T002490,CUST0185,2024-11-19,2024-11-21
T002491,CUST0185,2021-02-09,2021-03-02
T002492,CUST0185,2022-06-30,2022-08-13
T002493,CUST0186,2022-01-30,2022-02-20
T002494,CUST0186,2024-12-04,2024-12-12
T002495,CUST0186,2021-12-11,2021-12-17
T002496,CUST0186,2020-10-22,2020-11-01
T002497,CUST0186,2021-04-09,2021-05-06
T002498,CUST0186,2021-03-13,2021-04-24
T002499,CUST0186,2022-11-29,2023-01-09
T002500,CUST0186,2020-10-18,2020-11-18
T002501,CUST0186,2021-10-16,2021-10-21
T002502,CUST0186,2024-11-07,2024-12-18
T002503,CUST0186,2020-07-29,2020-09-04
T002504,CUST0186,2023-04-06,2023-05-19
T002505,CUST0187,2023-03-12,2023-03-30
T002506,CUST0187,2020-10-04,2020-10-07
T002507,CUST0187,2021-11-20,2021-12-24
T002508,CUST0187,2022-09-22,2022-10-31
T002509,CUST0187,2020-11-18,2020-12-22
T002510,CUST0187,2021-11-29,2021-12-14
T002511,CUST0187,2021-07-08,2021-08-01
T002512,CUST0187,2024-08-24,2024-09-07
T002513,CUST0187,2022-11-18,2023-01-02
T002514,CUST0187,2020-04-03,2020-04-22
T002515,CUST0188,2024-02-03,2024-03-18
T002516,CUST0188,2020-06-13,2020-07-26
T002517,CUST0188,2024-09-25,2024-10-26
T002518,CUST0188,2024-06-04,2024-06-26
T002519,CUST0188,2023-06-15,2023-07-19
T002520,CUST0188,2022-05-30,2022-06-01
T002521,CUST0188,2023-05-25,2023-06-08
T002522,CUST0188,2024-03-06,2024-04-06
T002523,CUST0188,2020-08-31,2020-09-04
T002524,CUST0188,2023-05-17,2023-06-03
T002525,CUST0188,2022-10-06,2022-10-27
T002526,CUST0188,2023-03-03,2023-04-16
T002527,CUST0188,2021-04-20,2021-05-26
T002528,CUST0188,2024-07-28,2024-08-21
T002529,CUST0188,2022-07-19,2022-08-12
T002530,CUST0188,2022-11-13,2022-11-13
T002531,CUST0189,2020-10-21,2020-10-30
T002532,CUST0189,2024-05-11,2024-05-18
T002533,CUST0189,2024-06-25,2024-07-23
T002534,CUST0189,2024-04-28,2024-05-07
T002535,CUST0189,2023-09-19,2023-09-25
T002536,CUST0189,2021-11-15,2021-12-11
T002537,CUST0189,2022-06-14,2022-07-28
T002538,CUST0189,2023-11-18,2023-12-28
T002539,CUST0189,2021-03-12,2021-04-04
T002540,CUST0189,2021-04-02,2021-05-04
T002541,CUST0189,2022-08-14,2022-08-24
T002542,CUST0189,2023-05-02,2023-05-12
T002543,CUST0189,2023-09-14,2023-10-10
T002544,CUST0189,2021-01-23,2021-03-04
T002545,CUST0189,2023-10-07,2023-11-19
T002546,CUST0190,2024-05-10,2024-05-27
T002547,CUST0190,2021-02-05,2021-02-19
T002548,CUST0190,2024-08-02,2024-09-05
T002549,CUST0190,2021-01-15,2021-01-22
T002550,CUST0190,2023-01-30,2023-02-20
T002551,CUST0190,2023-12-07,2023-12-12
T002552,CUST0190,2021-05-26,2021-07-01
T002553,CUST0190,2023-07-19,2023-08-16
T002554,CUST0190,2022-08-01,2022-08-08
T002555,CUST0190,2023-04-09,2023-04-21
T002556,CUST0190,2023-09-23,2023-09-29
T002557,CUST0190,2022-01-07,2022-01-23
T002558,CUST0191,2024-02-03,2024-03-03
T002559,CUST0191,2021-09-28,2021-10-05
T002560,CUST0191,2024-04-09,2024-04-24
T002561,CUST0191,2022-07-20,2022-07-23
T002562,CUST0191,2022-04-18,2022-05-22
T002563,CUST0191,2023-01-20,2023-02-15
T002564,CUST0191,2023-06-19,2023-07-06
T002565,CUST0191,2023-03-05,2023-03-06
T002566,CUST0191,2024-12-08,2025-01-02
T002567,CUST0191,2022-05-06,2022-05-30
T002568,CUST0191,2022-12-03,2022-12-24
T002569,CUST0191,2023-10-29,2023-12-06
T002570,CUST0191,2021-05-07,2021-05-07
T002571,CUST0191,2022-07-18,2022-08-29
T002572,CUST0191,2024-12-18,2025-01-31
T002573,CUST0192,2020-09-29,2020-11-10
T002574,CUST0192,2024-05-08,2024-05-08
T002575,CUST0192,2023-01-27,2023-03-05
T002576,CUST0192,2024-07-20,2024-09-02
T002577,CUST0192,2023-09-26,2023-10-21
T002578,CUST0192,2023-04-28,2023-04-30
T002579,CUST0192,2023-11-29,2023-12-24
T002580,CUST0192,2021-05-29,2021-06-18
T002581,CUST0192,2022-06-28,2022-08-04
T002582,CUST0192,2022-06-12,2022-07-19
T002583,CUST0192,2020-10-17,2020-11-28
T002584,CUST0192,2021-02-22,2021-03-24
T002585,CUST0192,2020-01-30,2020-02-09
T002586,CUST0192,2024-06-01,2024-07-13
T002587,CUST0192,2020-03-25,2020-05-03
T002588,CUST0192,2020-06-19,2020-07-03
T002589,CUST0193,2022-04-28,2022-06-06
T002590,CUST0193,2022-02-06,2022-03-10
T002591,CUST0193,2022-02-20,2022-03-24
T002592,CUST0193,2024-05-06,2024-05-23
T002593,CUST0193,2022-03-17,2022-04-22
T002594,CUST0193,2020-10-12,2020-11-16
T002595,CUST0193,2022-07-10,2022-07-26
T002596,CUST0193,2023-12-25,2024-02-05
T002597,CUST0193,2020-05-10,2020-05-31
T002598,CUST0193,2024-10-11,2024-11-10
T002599,CUST0193,2023-05-25,2023-06-12
T002600,CUST0193,2022-08-05,2022-08-31
T002601,CUST0193,2023-04-29,2023-05-02
T002602,CUST0193,2023-06-01,2023-06-20
T002603,CUST0193,2021-01-16,2021-02-20
T002604,CUST0193,2022-06-12,2022-07-20
T002605,CUST0194,2021-09-14,2021-09-21
T002606,CUST0194,2020-04-10,2020-05-04
T002607,CUST0194,2020-11-04,2020-11-21
T002608,CUST0194,2021-05-31,2021-06-21
T002609,CUST0194,2022-06-22,2022-07-06
T002610,CUST0194,2021-04-25,2021-04-28
T002611,CUST0194,2021-11-07,2021-12-11
T002612,CUST0194,2020-02-01,2020-02-12
T002613,CUST0195,2024-04-24,2024-05-26
T002614,CUST0195,2022-02-21,2022-03-13
T002615,CUST0195,2021-02-06,2021-02-14
T002616,CUST0195,2022-12-19,2023-01-30
T002617,CUST0195,2022-12-21,2022-12-29
T002618,CUST0195,2023-12-01,2024-01-09
T002619,CUST0195,2024-08-11,2024-08-19
T002620,CUST0195,2023-07-06,2023-07-12
T002621,CUST0195,2023-09-03,2023-09-25
T002622,CUST0195,2024-07-30,2024-08-29
T002623,CUST0195,2024-04-08,2024-04-28
T002624,CUST0195,2024-12-14,2025-01-06
T002625,CUST0196,2023-02-12,2023-03-01
T002626,CUST0196,2022-06-01,2022-07-05
T002627,CUST0196,2024-10-13,2024-10-18
T002628,CUST0196,2020-10-03,2020-10-27
T002629,CUST0196,2021-12-15,2021-12-15
T002630,CUST0196,2020-08-21,2020-08-28
T002631,CUST0196,2020-12-26,2021-01-10
T002632,CUST0196,2023-02-06,2023-03-20
T002633,CUST0196,2024-05-01,2024-05-20
T002634,CUST0196,2021-10-09,2021-10-23
T002635,CUST0196,2024-04-09,2024-04-11
T002636,CUST0196,2021-11-25,2021-12-10
T002637,CUST0196,2023-07-19,2023-08-12
T002638,CUST0196,2020-07-21,2020-08-03
T002639,CUST0197,2023-11-18,2023-11-19
T002640,CUST0197,2021-11-04,2021-11-10
T002641,CUST0197,2024-09-21,2024-10-04
T002642,CUST0197,2020-01-24,2020-01-26
T002643,CUST0197,2020-10-11,2020-11-20
T002644,CUST0197,2023-10-06,2023-11-12
T002645,CUST0197,2023-03-02,2023-04-13
T002646,CUST0197,2022-12-16,2022-12-26
T002647,CUST0197,2020-06-20,2020-07-10
T002648,CUST0197,2022-01-04,2022-02-10
T002649,CUST0197,2023-08-13,2023-08-25
T002650,CUST0197,2023-01-07,2023-02-05
T002651,CUST0197,2022-07-29,2022-08-13
T002652,CUST0197,2022-04-07,2022-04-24
T002653,CUST0198,2023-05-18,2023-06-23
T002654,CUST0198,2024-09-11,2024-10-25
T002655,CUST0198,2024-01-19,2024-02-28
T002656,CUST0198,2021-09-27,2021-10-12
T002657,CUST0198,2020-05-06,2020-05-29
T002658,CUST0198,2024-11-04,2024-12-13
T002659,CUST0198,2021-09-13,2021-09-20
T002660,CUST0198,2023-08-06,2023-08-13
T002661,CUST0199,2021-01-09,2021-01-09
T002662,CUST0199,2023-12-19,2024-01-17
T002663,CUST0199,2022-04-20,2022-05-29
T002664,CUST0199,2022-03-15,2022-04-03
T002665,CUST0199,2023-10-06,2023-11-04
T002666,CUST0199,2022-09-30,2022-11-01
T002667,CUST0199,2020-11-21,2020-12-30
T002668,CUST0199,2022-12-11,2022-12-15
T002669,CUST0001,2021-08-24,2021-09-17
T002670,CUST0001,2022-08-23,2022-09-12
T002671,CUST0001,2022-07-22,2022-08-06
T002672,CUST0001,2022-01-04,2022-01-21
T002673,CUST0001,2021-08-14,2021-09-02
T002674,CUST0001,2022-09-25,2022-10-02
T002675,CUST0004,2024-10-10,2024-11-18
T002676,CUST0004,2023-08-24,2023-09-06
T002677,CUST0004,2023-06-13,2023-07-01
T002678,CUST0004,2024-03-18,2024-04-13
T002679,CUST0004,2023-08-16,2023-09-16
T002680,CUST0004,2024-04-29,2024-05-21
T002681,CUST0009,2024-03-15,2024-04-04
T002682,CUST0009,2023-01-22,2023-02-07
T002683,CUST0009,2024-05-01,2024-05-24
T002684,CUST0009,2023-12-03,2023-12-13
T002685,CUST0009,2024-06-15,2024-06-15
T002686,CUST0009,2022-10-01,2022-11-12
T002687,CUST0010,2022-01-16,2022-01-24
T002688,CUST0010,2022-01-17,2022-02-04
T002689,CUST0010,2022-02-12,2022-03-08
T002690,CUST0010,2021-12-08,2021-12-23
T002691,CUST0010,2022-03-16,2022-04-04
T002692,CUST0010,2021-12-03,2021-12-21
T002693,CUST0012,2020-05-05,2020-05-25
T002694,CUST0012,2020-03-20,2020-04-24
T002695,CUST0012,2020-04-17,2020-05-11
T002696,CUST0012,2020-04-12,2020-05-21
T002697,CUST0012,2020-03-20,2020-04-20
T002698,CUST0012,2020-04-28,2020-05-21
T002699,CUST0013,2021-07-17,2021-08-01
T002700,CUST0013,2021-05-01,2021-05-04
T002701,CUST0013,2021-04-19,2021-05-03
T002702,CUST0013,2021-06-09,2021-07-07
T002703,CUST0013,2021-08-26,2021-09-17
T002704,CUST0013,2021-04-29,2021-05-05
T002705,CUST0016,2021-11-23,2021-12-19
T002706,CUST0016,2021-05-01,2021-05-14
T002707,CUST0016,2023-01-04,2023-01-16
T002708,CUST0016,2021-10-29,2021-11-12
T002709,CUST0016,2021-12-23,2022-01-23
T002710,CUST0016,2023-09-07,2023-10-07
T002711,CUST0017,2021-07-24,2021-07-27
T002712,CUST0017,2022-07-06,2022-07-15
T002713,CUST0017,2022-08-06,2022-09-02
T002714,CUST0017,2023-02-07,2023-02-11
T002715,CUST0017,2023-02-10,2023-03-17
T002716,CUST0017,2022-04-02,2022-05-06
T002717,CUST0018,2020-12-02,2020-12-10
T002718,CUST0018,2021-03-07,2021-04-21
T002719,CUST0018,2021-02-24,2021-04-02
T002720,CUST0018,2021-03-31,2021-04-05
T002721,CUST0018,2021-05-11,2021-06-20
T002722,CUST0018,2021-06-21,2021-07-04
T002723,CUST0019,2024-10-02,2024-10-23
T002724,CUST0019,2024-07-21,2024-07-27
T002725,CUST0019,2024-05-20,2024-06-09
T002726,CUST0019,2024-05-15,2024-06-21
T002727,CUST0019,2023-12-29,2024-01-24
T002728,CUST0019,2024-08-24,2024-08-27
T002729,CUST0019,2024-07-22,2024-08-05
T002730,CUST0019,2024-02-16,2024-03-12
T002731,CUST0019,2023-10-15,2023-11-04
T002732,CUST0019,2024-03-04,2024-03-26
T002733,CUST0019,2024-11-02,2024-12-17
T002734,CUST0019,2024-06-09,2024-07-01
T002735,CUST0020,2023-04-21,2023-06-05
T002736,CUST0020,2023-07-14,2023-07-16
T002737,CUST0020,2023-06-21,2023-07-31
T002738,CUST0020,2023-05-24,2023-06-12
T002739,CUST0020,2023-04-30,2023-06-08
T002740,CUST0020,2023-07-10,2023-08-21
T002741,CUST0021,2020-09-12,2020-10-06
T002742,CUST0021,2021-03-25,2021-03-29
T002743,CUST0021,2020-08-30,2020-09-15
T002744,CUST0021,2020-11-29,2020-12-02
T002745,CUST0021,2020-12-11,2021-01-17
T002746,CUST0021,2020-10-30,2020-12-14
T002747,CUST0024,2020-06-17,2020-07-18
T002748,CUST0024,2020-09-03,2020-09-20
T002749,CUST0024,2022-01-05,2022-02-08
T002750,CUST0024,2022-01-21,2022-03-07
T002751,CUST0024,2020-11-25,2020-12-16
T002752,CUST0024,2020-03-29,2020-04-02
T002753,CUST0025,2024-09-03,2024-09-30
T002754,CUST0025,2024-08-12,2024-09-20
T002755,CUST0025,2023-10-27,2023-11-27
T002756,CUST0025,2024-02-15,2024-03-22
T002757,CUST0025,2024-02-23,2024-03-15
T002758,CUST0025,2023-11-17,2023-12-22
T002759,CUST0025,2024-10-14,2024-11-11
T002760,CUST0025,2024-02-11,2024-02-19
T002761,CUST0025,2023-12-20,2024-01-27
T002762,CUST0025,2024-12-21,2025-01-05
T002763,CUST0025,2024-03-08,2024-04-08
T002764,CUST0025,2024-09-18,2024-10-07
T002765,CUST0026,2024-10-25,2024-12-06
T002766,CUST0026,2024-11-16,2024-12-03
T002767,CUST0026,2024-09-25,2024-10-01
T002768,CUST0026,2024-06-01,2024-06-18
T002769,CUST0026,2024-11-22,2024-11-30
T002770,CUST0026,2024-12-26,2025-02-03
T002771,CUST0029,2020-05-05,2020-05-24
T002772,CUST0029,2020-06-02,2020-06-25
T002773,CUST0029,2020-11-17,2020-12-24
T002774,CUST0029,2020-01-22,2020-03-03
T002775,CUST0029,2021-05-18,2021-06-18
T002776,CUST0029,2021-05-10,2021-06-05
T002777,CUST0030,2024-09-27,2024-10-26
T002778,CUST0030,2023-12-19,2024-01-25
T002779,CUST0030,2024-08-01,2024-08-16
T002780,CUST0030,2024-10-12,2024-11-19
T002781,CUST0030,2024-10-13,2024-11-27
T002782,CUST0030,2024-02-27,2024-03-15
T002783,CUST0030,2023-09-21,2023-10-27
T002784,CUST0030,2023-10-09,2023-11-15
T002785,CUST0030,2024-09-26,2024-10-17
T002786,CUST0030,2024-02-25,2024-04-01
T002787,CUST0030,2024-12-02,2024-12-04
T002788,CUST0030,2024-10-01,2024-10-05
T002789,CUST0031,2023-06-19,2023-06-20
T002790,CUST0031,2023-09-20,2023-10-29
T002791,CUST0031,2023-06-15,2023-07-03
T002792,CUST0031,2023-09-10,2023-10-13
T002793,CUST0031,2023-11-19,2023-12-02
T002794,CUST0031,2023-12-11,2024-01-19
T002795,CUST0033,2021-06-19,2021-07-03
T002796,CUST0033,2021-06-13,2021-07-14
T002797,CUST0033,2021-05-30,2021-07-10
T002798,CUST0033,2021-05-26,2021-06-14
T002799,CUST0033,2021-05-17,2021-06-24
T002800,CUST0033,2021-06-01,2021-07-03
T002801,CUST0034,2024-01-11,2024-01-15
T002802,CUST0034,2024-09-27,2024-10-15
T002803,CUST0034,2022-12-24,2023-01-29
T002804,CUST0034,2023-12-22,2024-02-03
T002805,CUST0034,2024-10-12,2024-10-23
T002806,CUST0034,2024-02-04,2024-02-16
T002807,CUST0036,2020-02-20,2020-02-20
T002808,CUST0036,2020-04-11,2020-05-12
T002809,CUST0036,2020-07-10,2020-08-05
T002810,CUST0036,2020-07-03,2020-08-05
T002811,CUST0036,2020-04-26,2020-04-27
T002812,CUST0036,2020-01-26,2020-02-25
T002813,CUST0037,2021-06-18,2021-07-20
T002814,CUST0037,2021-05-09,2021-06-20
T002815,CUST0037,2021-12-13,2021-12-14
T002816,CUST0037,2021-08-06,2021-09-03
T002817,CUST0037,2021-06-03,2021-07-16
T002818,CUST0037,2021-08-31,2021-09-28
T002819,CUST0041,2020-08-05,2020-08-15
T002820,CUST0041,2020-05-08,2020-05-26
T002821,CUST0041,2020-06-12,2020-07-16
T002822,CUST0041,2021-01-18,2021-02-27
T002823,CUST0041,2020-03-09,2020-04-01
T002824,CUST0041,2021-02-19,2021-03-19
T002825,CUST0042,2024-05-02,2024-06-15
T002826,CUST0042,2024-02-10,2024-03-11
T002827,CUST0042,2024-06-15,2024-07-06
T002828,CUST0042,2024-01-01,2024-01-05
T002829,CUST0042,2024-04-12,2024-05-16
T002830,CUST0042,2024-05-21,2024-07-01
T002831,CUST0043,2020-05-30,2020-06-17
T002832,CUST0043,2020-09-04,2020-09-18
T002833,CUST0043,2020-07-06,2020-07-11
T002834,CUST0043,2020-04-24,2020-05-13
T002835,CUST0043,2020-03-12,2020-04-25
T002836,CUST0043,2020-08-11,2020-09-07
T002837,CUST0043,2020-05-20,2020-06-09
T002838,CUST0043,2020-06-24,2020-06-24
T002839,CUST0043,2020-09-01,2020-09-24
T002840,CUST0043,2020-07-22,2020-08-04
T002841,CUST0043,2020-03-03,2020-03-12
T002842,CUST0043,2020-06-11,2020-06-26
T002843,CUST0044,2020-09-13,2020-10-19
T002844,CUST0044,2021-02-16,2021-03-15
T002845,CUST0044,2021-02-11,2021-02-25
T002846,CUST0044,2020-08-14,2020-09-21
T002847,CUST0044,2020-08-23,2020-09-17
T002848,CUST0044,2020-09-09,2020-10-09
T002849,CUST0045,2022-02-21,2022-03-10
T002850,CUST0045,2021-10-27,2021-12-03
T002851,CUST0045,2021-02-02,2021-02-25
T002852,CUST0045,2021-12-02,2021-12-20
T002853,CUST0045,2021-11-28,2021-12-13
T002854,CUST0045,2020-10-04,2020-11-03
T002855,CUST0045,2021-04-19,2021-05-31
T002856,CUST0045,2020-03-14,2020-04-27
T002857,CUST0045,2021-10-30,2021-11-12
T002858,CUST0045,2020-01-13,2020-02-09
T002859,CUST0045,2020-07-31,2020-08-09
T002860,CUST0045,2022-07-03,2022-08-12
T002861,CUST0046,2020-08-14,2020-09-26
T002862,CUST0046,2020-07-05,2020-08-02
T002863,CUST0046,2020-06-15,2020-07-23
T002864,CUST0046,2020-07-07,2020-07-10
T002865,CUST0046,2020-08-08,2020-09-08
T002866,CUST0046,2020-10-02,2020-11-06
T002867,CUST0048,2024-03-19,2024-04-29
T002868,CUST0048,2024-03-24,2024-05-02
T002869,CUST0048,2024-06-30,2024-07-28
T002870,CUST0048,2024-03-28,2024-04-04
T002871,CUST0048,2024-02-26,2024-04-04
T002872,CUST0048,2024-03-17,2024-03-27
T002873,CUST0049,2024-10-08,2024-11-07
T002874,CUST0049,2024-11-08,2024-11-10
T002875,CUST0049,2024-10-08,2024-10-21
T002876,CUST0049,2024-11-06,2024-11-29
T002877,CUST0049,2024-11-09,2024-12-16
T002878,CUST0049,2024-10-04,2024-10-04
T002879,CUST0050,2020-01-01,2020-01-07
T002880,CUST0050,2020-03-29,2020-05-03
T002881,CUST0050,2020-03-16,2020-03-21
T002882,CUST0050,2020-05-17,2020-05-24
T002883,CUST0050,2020-02-18,2020-03-25
T002884,CUST0050,2020-01-10,2020-01-20
T002885,CUST0051,2024-06-18,2024-07-13
T002886,CUST0051,2023-10-22,2023-11-06
T002887,CUST0051,2024-02-15,2024-02-18
T002888,CUST0051,2023-12-05,2024-01-14
T002889,CUST0051,2023-08-01,2023-08-15
T002890,CUST0051,2024-06-22,2024-07-11
T002891,CUST0051,2024-03-06,2024-04-10
T002892,CUST0051,2024-04-14,2024-05-21
T002893,CUST0051,2024-03-12,2024-03-18
T002894,CUST0051,2024-10-04,2024-10-17
T002895,CUST0051,2023-09-08,2023-10-15
T002896,CUST0051,2024-11-07,2024-12-06
T002897,CUST0053,2023-12-20,2023-12-29
T002898,CUST0053,2023-07-21,2023-08-30
T002899,CUST0053,2021-07-07,2021-07-31
T002900,CUST0053,2024-11-09,2024-12-08
T002901,CUST0053,2021-02-13,2021-03-11
T002902,CUST0053,2021-10-01,2021-10-07
T002903,CUST0054,2022-02-05,2022-02-09
T002904,CUST0054,2021-10-30,2021-11-19
T002905,CUST0054,2021-10-31,2021-11-12
T002906,CUST0054,2021-10-20,2021-11-30
T002907,CUST0054,2021-11-18,2021-12-26
T002908,CUST0054,2021-10-23,2021-12-06
T002909,CUST0055,2020-12-17,2020-12-28
T002910,CUST0055,2020-02-14,2020-03-02
T002911,CUST0055,2020-12-09,2021-01-11
T002912,CUST0055,2021-06-11,2021-06-27
T002913,CUST0055,2020-05-16,2020-06-12
T002914,CUST0055,2022-03-01,2022-04-12
T002915,CUST0056,2021-11-23,2022-01-04
T002916,CUST0056,2021-08-24,2021-09-05
T002917,CUST0056,2021-11-09,2021-11-12
T002918,CUST0056,2020-02-16,2020-03-18
T002919,CUST0056,2022-05-08,2022-06-09
T002920,CUST0056,2021-12-17,2021-12-26
T002921,CUST0056,2020-03-06,2020-03-25
T002922,CUST0056,2021-02-25,2021-03-17
T002923,CUST0056,2021-06-02,2021-07-01
T002924,CUST0056,2020-03-18,2020-04-27
T002925,CUST0056,2022-07-03,2022-08-12
T002926,CUST0056,2021-05-06,2021-05-11
T002927,CUST0063,2021-11-06,2021-12-09
T002928,CUST0063,2022-03-25,2022-04-17
T002929,CUST0063,2021-01-31,2021-03-05
T002930,CUST0063,2021-03-14,2021-03-18
T002931,CUST0063,2021-02-12,2021-02-23
T002932,CUST0063,2021-10-05,2021-10-19
T002933,CUST0064,2020-01-26,2020-02-08
T002934,CUST0064,2021-02-04,2021-03-06
T002935,CUST0064,2020-08-29,2020-09-26
T002936,CUST0064,2020-01-10,2020-01-30
T002937,CUST0064,2020-04-20,2020-04-29
T002938,CUST0064,2021-02-09,2021-03-24
T002939,CUST0065,2024-10-19,2024-11-04
T002940,CUST0065,2024-09-18,2024-10-27
T002941,CUST0065,2024-10-28,2024-11-04
T002942,CUST0065,2024-09-12,2024-10-08
T002943,CUST0065,2024-08-24,2024-09-03
T002944,CUST0065,2024-10-14,2024-11-18
T002945,CUST0066,2023-10-11,2023-11-11
T002946,CUST0066,2023-09-27,2023-09-27
T002947,CUST0066,2023-09-17,2023-10-31
T002948,CUST0066,2023-01-02,2023-01-27
T002949,CUST0066,2023-05-20,2023-07-02
T002950,CUST0066,2024-06-09,2024-07-20
T002951,CUST0067,2020-10-14,2020-11-17
T002952,CUST0067,2021-02-24,2021-03-31
T002953,CUST0067,2020-09-09,2020-10-15
T002954,CUST0067,2021-06-03,2021-06-10
T002955,CUST0067,2021-04-14,2021-04-29
T002956,CUST0067,2020-10-01,2020-11-03
T002957,CUST0068,2023-03-14,2023-04-10
T002958,CUST0068,2022-09-25,2022-09-26
T002959,CUST0068,2020-12-25,2021-02-07
T002960,CUST0068,2023-01-31,2023-03-17
T002961,CUST0068,2022-06-08,2022-06-13
T002962,CUST0068,2020-04-07,2020-04-28
T002963,CUST0069,2020-06-21,2020-06-27
T002964,CUST0069,2021-09-13,2021-10-02
T002965,CUST0069,2021-07-20,2021-08-22
T002966,CUST0069,2020-08-07,2020-08-14
T002967,CUST0069,2021-10-31,2021-12-12
T002968,CUST0069,2021-08-27,2021-09-01
T002969,CUST0069,2021-09-21,2021-10-25
T002970,CUST0069,2020-09-16,2020-10-24
T002971,CUST0069,2020-09-25,2020-10-18
T002972,CUST0069,2020-06-14,2020-07-21
T002973,CUST0069,2020-12-27,2021-02-06
T002974,CUST0069,2020-08-04,2020-08-19
T002975,CUST0072,2020-01-28,2020-02-29
T002976,CUST0072,2022-02-02,2022-02-28
T002977,CUST0072,2020-10-25,2020-11-05
T002978,CUST0072,2020-10-24,2020-11-02
T002979,CUST0072,2021-03-06,2021-04-19
T002980,CUST0072,2020-03-17,2020-03-20
T002981,CUST0072,2021-04-27,2021-05-16
T002982,CUST0072,2021-12-06,2022-01-11
T002983,CUST0072,2020-03-02,2020-04-09
T002984,CUST0072,2021-02-28,2021-03-25
T002985,CUST0072,2021-05-29,2021-07-09
T002986,CUST0072,2020-05-21,2020-06-14
T002987,CUST0073,2021-04-16,2021-04-29
T002988,CUST0073,2020-10-28,2020-12-09
T002989,CUST0073,2023-07-05,2023-07-29
T002990,CUST0073,2021-12-31,2022-01-13
T002991,CUST0073,2021-05-18,2021-06-14
T002992,CUST0073,2022-04-19,2022-04-24
T002993,CUST0073,2023-11-24,2023-12-11
T002994,CUST0073,2020-12-06,2020-12-13
T002995,CUST0073,2022-08-02,2022-08-25
T002996,CUST0073,2023-02-01,2023-02-18
T002997,CUST0073,2020-02-29,2020-03-14
T002998,CUST0073,2020-10-14,2020-10-15
T002999,CUST0074,2022-08-05,2022-08-14
T003000,CUST0074,2022-12-11,2022-12-23
T003001,CUST0074,2022-06-24,2022-07-17
T003002,CUST0074,2023-08-28,2023-09-30
T003003,CUST0074,2024-03-10,2024-04-22
T003004,CUST0074,2022-04-18,2022-05-11
T003005,CUST0075,2021-02-27,2021-03-15
T003006,CUST0075,2020-12-20,2021-01-04
T003007,CUST0075,2020-08-01,2020-08-01
T003008,CUST0075,2020-11-12,2020-12-12
T003009,CUST0075,2020-07-31,2020-08-22
T003010,CUST0075,2020-09-04,2020-09-06
T003011,CUST0077,2020-06-30,2020-07-25
T003012,CUST0077,2020-04-01,2020-05-16
T003013,CUST0077,2020-01-10,2020-01-15
T003014,CUST0077,2020-07-31,2020-08-23
T003015,CUST0077,2020-05-21,2020-06-19
T003016,CUST0077,2020-01-27,2020-02-03
T003017,CUST0079,2022-10-19,2022-10-19
T003018,CUST0079,2022-10-25,2022-11-04
T003019,CUST0079,2023-01-29,2023-02-13
T003020,CUST0079,2022-05-08,2022-05-12
T003021,CUST0079,2022-04-08,2022-04-23
T003022,CUST0079,2022-10-20,2022-11-01
T003023,CUST0082,2022-01-02,2022-01-02
T003024,CUST0082,2021-08-23,2021-08-28
T003025,CUST0082,2021-11-21,2021-12-12
T003026,CUST0082,2021-08-07,2021-09-16
T003027,CUST0082,2021-10-02,2021-10-16
T003028,CUST0082,2021-12-02,2022-01-14
T003029,CUST0084,2020-05-06,2020-06-12
T003030,CUST0084,2020-01-30,2020-03-06
T003031,CUST0084,2020-03-19,2020-04-22
T003032,CUST0084,2020-01-26,2020-03-06
T003033,CUST0084,2020-05-27,2020-05-27
T003034,CUST0084,2020-06-10,2020-06-27
T003035,CUST0086,2020-10-13,2020-11-21
T003036,CUST0086,2020-10-02,2020-11-16
T003037,CUST0086,2021-04-24,2021-05-29
T003038,CUST0086,2020-12-22,2021-01-11
T003039,CUST0086,2020-11-08,2020-11-18
T003040,CUST0086,2021-06-28,2021-07-08
T003041,CUST0087,2023-12-28,2023-12-29
T003042,CUST0087,2023-12-18,2024-01-10
T003043,CUST0087,2024-01-06,2024-01-11
T003044,CUST0087,2023-12-22,2024-01-26
T003045,CUST0087,2024-03-22,2024-05-02
T003046,CUST0087,2024-04-18,2024-06-02
T003047,CUST0088,2024-05-18,2024-06-16
T003048,CUST0088,2024-05-15,2024-05-21
T003049,CUST0088,2024-06-21,2024-07-26
T003050,CUST0088,2024-03-16,2024-04-22
T003051,CUST0088,2024-02-07,2024-02-20
T003052,CUST0088,2024-03-12,2024-03-27
T003053,CUST0089,2021-03-13,2021-04-15
T003054,CUST0089,2021-02-13,2021-03-20
T003055,CUST0089,2021-02-17,2021-02-25
T003056,CUST0089,2021-02-08,2021-02-12
T003057,CUST0089,2021-03-07,2021-04-07
T003058,CUST0089,2021-02-03,2021-02-16
T003059,CUST0090,2020-05-29,2020-07-05
T003060,CUST0090,2020-08-16,2020-08-17
T003061,CUST0090,2020-04-24,2020-05-06
T003062,CUST0090,2020-04-29,2020-06-01
T003063,CUST0090,2020-05-23,2020-05-25
T003064,CUST0090,2020-08-16,2020-08-23
T003065,CUST0092,2021-10-23,2021-11-11
T003066,CUST0092,2021-09-05,2021-09-12
T003067,CUST0092,2021-10-04,2021-10-25
T003068,CUST0092,2021-09-05,2021-09-30
T003069,CUST0092,2021-10-13,2021-10-14
T003070,CUST0092,2021-09-25,2021-10-04
T003071,CUST0097,2021-07-02,2021-07-19
T003072,CUST0097,2021-07-10,2021-07-16
T003073,CUST0097,2021-07-18,2021-07-22
T003074,CUST0097,2021-07-01,2021-07-27
T003075,CUST0097,2022-07-19,2022-08-17
T003076,CUST0097,2022-05-09,2022-05-12
T003077,CUST0099,2021-12-13,2022-01-15
T003078,CUST0099,2022-11-30,2022-12-03
T003079,CUST0099,2021-04-05,2021-04-08
T003080,CUST0099,2023-01-23,2023-02-21
T003081,CUST0099,2021-09-11,2021-10-26
T003082,CUST0099,2022-08-22,2022-09-22
T003083,CUST0099,2021-02-05,2021-02-10
T003084,CUST0099,2022-09-30,2022-10-21
T003085,CUST0099,2023-06-16,2023-06-27
T003086,CUST0099,2023-05-03,2023-05-15
T003087,CUST0099,2023-01-10,2023-02-10
T003088,CUST0099,2021-03-13,2021-04-04
T003089,CUST0100,2022-10-28,2022-11-28
T003090,CUST0100,2022-10-24,2022-11-18
T003091,CUST0100,2022-12-13,2022-12-22
T003092,CUST0100,2022-11-26,2022-12-26
T003093,CUST0100,2022-10-12,2022-11-20
T003094,CUST0100,2022-11-20,2022-11-24
T003095,CUST0101,2023-08-19,2023-09-23
T003096,CUST0101,2023-10-10,2023-11-15
T003097,CUST0101,2024-01-03,2024-02-03
T003098,CUST0101,2023-01-16,2023-02-14
T003099,CUST0101,2023-05-24,2023-06-16
T003100,CUST0101,2023-12-12,2024-01-09
T003101,CUST0103,2021-07-04,2021-07-19
T003102,CUST0103,2021-09-22,2021-11-06
T003103,CUST0103,2022-06-15,2022-07-19
T003104,CUST0103,2022-01-22,2022-02-14
T003105,CUST0103,2022-03-01,2022-04-05
T003106,CUST0103,2021-09-14,2021-09-16
T003107,CUST0104,2023-09-09,2023-10-24
T003108,CUST0104,2023-09-04,2023-09-10
T003109,CUST0104,2023-11-03,2023-12-03
T003110,CUST0104,2023-10-07,2023-10-13
T003111,CUST0104,2023-09-11,2023-09-26
T003112,CUST0104,2023-09-20,2023-10-15
T003113,CUST0105,2020-04-28,2020-05-05
T003114,CUST0105,2020-08-24,2020-09-18
T003115,CUST0105,2020-06-15,2020-06-29
T003116,CUST0105,2020-05-28,2020-07-11
T003117,CUST0105,2020-08-18,2020-08-21
T003118,CUST0105,2020-07-03,2020-08-12
T003119,CUST0106,2021-11-21,2021-12-07
T003120,CUST0106,2022-03-21,2022-03-22
T003121,CUST0106,2020-02-07,2020-03-16
T003122,CUST0106,2020-05-12,2020-05-16
T003123,CUST0106,2021-10-31,2021-11-01
T003124,CUST0106,2021-01-16,2021-02-11
T003125,CUST0107,2024-10-11,2024-11-13
T003126,CUST0107,2023-12-17,2024-01-24
T003127,CUST0107,2024-08-18,2024-08-31
T003128,CUST0107,2024-12-30,2025-01-18
T003129,CUST0107,2024-02-15,2024-03-14
T003130,CUST0107,2023-11-16,2023-12-02
T003131,CUST0107,2024-07-23,2024-09-04
T003132,CUST0107,2024-04-18,2024-05-14
T003133,CUST0107,2024-07-11,2024-07-25
T003134,CUST0107,2023-12-10,2024-01-09
T003135,CUST0107,2024-10-11,2024-11-13
T003136,CUST0107,2024-06-25,2024-08-08
T003137,CUST0108,2020-04-29,2020-05-16
T003138,CUST0108,2020-07-16,2020-08-24
T003139,CUST0108,2020-05-02,2020-05-29
T003140,CUST0108,2021-04-21,2021-05-14
T003141,CUST0108,2020-06-14,2020-07-10
T003142,CUST0108,2020-08-24,2020-10-05
T003143,CUST0109,2020-03-18,2020-04-21
T003144,CUST0109,2020-01-20,2020-03-02
T003145,CUST0109,2020-05-03,2020-06-02
T003146,CUST0109,2020-01-22,2020-03-04
T003147,CUST0109,2020-03-14,2020-03-18
T003148,CUST0109,2020-05-26,2020-05-29
T003149,CUST0110,2024-03-18,2024-04-08
T003150,CUST0110,2023-03-12,2023-03-23
T003151,CUST0110,2024-09-26,2024-10-11
T003152,CUST0110,2024-12-06,2024-12-24
T003153,CUST0110,2024-02-16,2024-02-25
T003154,CUST0110,2024-10-23,2024-12-01
T003155,CUST0111,2022-04-29,2022-05-23
T003156,CUST0111,2022-06-06,2022-06-24
T003157,CUST0111,2022-06-05,2022-06-27
T003158,CUST0111,2022-06-06,2022-06-06
T003159,CUST0111,2022-06-18,2022-06-27
T003160,CUST0111,2022-05-17,2022-06-29
T003161,CUST0111,2022-06-06,2022-06-16
T003162,CUST0111,2022-06-30,2022-07-01
T003163,CUST0111,2022-05-27,2022-06-26
T003164,CUST0111,2022-06-21,2022-07-28
T003165,CUST0111,2022-06-06,2022-06-25
T003166,CUST0111,2022-07-10,2022-08-11
T003167,CUST0112,2024-05-30,2024-07-02
T003168,CUST0112,2024-07-18,2024-07-30
T003169,CUST0112,2024-04-28,2024-05-30
T003170,CUST0112,2024-03-10,2024-03-12
T003171,CUST0112,2024-06-25,2024-08-01
T003172,CUST0112,2024-05-02,2024-06-01
T003173,CUST0117,2024-07-18,2024-07-26
T003174,CUST0117,2024-08-02,2024-08-17
T003175,CUST0117,2024-07-20,2024-07-21
T003176,CUST0117,2024-10-06,2024-10-06
T003177,CUST0117,2024-10-25,2024-11-13
T003178,CUST0117,2024-10-16,2024-11-26
T003179,CUST0121,2023-07-06,2023-07-25
T003180,CUST0121,2023-07-24,2023-08-15
T003181,CUST0121,2024-04-09,2024-05-08
T003182,CUST0121,2023-11-02,2023-11-28
T003183,CUST0121,2023-07-06,2023-07-10
T003184,CUST0121,2023-06-05,2023-07-02
T003185,CUST0125,2020-03-20,2020-04-02
T003186,CUST0125,2020-03-13,2020-03-14
T003187,CUST0125,2020-02-23,2020-02-24
T003188,CUST0125,2020-03-13,2020-03-30
T003189,CUST0125,2020-04-12,2020-05-20
T003190,CUST0125,2020-03-08,2020-03-09
T003191,CUST0127,2021-10-23,2021-12-07
T003192,CUST0127,2024-02-04,2024-02-18
T003193,CUST0127,2022-04-04,2022-04-14
T003194,CUST0127,2022-10-12,2022-11-04
T003195,CUST0127,2023-03-28,2023-03-31
T003196,CUST0127,2021-09-26,2021-10-02
T003197,CUST0128,2020-09-14,2020-10-17
T003198,CUST0128,2020-06-02,2020-06-29
T003199,CUST0128,2020-06-02,2020-06-20
T003200,CUST0128,2020-06-08,2020-07-05
T003201,CUST0128,2020-11-03,2020-11-17
T003202,CUST0128,2020-06-24,2020-07-21
T003203,CUST0129,2024-03-07,2024-04-02
T003204,CUST0129,2024-02-23,2024-03-24
T003205,CUST0129,2024-04-12,2024-04-14
T003206,CUST0129,2024-02-11,2024-03-14
T003207,CUST0129,2024-03-26,2024-04-18
T003208,CUST0129,2024-04-08,2024-05-20
T003209,CUST0130,2024-11-09,2024-12-17
T003210,CUST0130,2024-12-07,2024-12-29
T003211,CUST0130,2024-07-29,2024-08-27
T003212,CUST0130,2024-07-10,2024-07-31
T003213,CUST0130,2024-06-21,2024-07-18
T003214,CUST0130,2024-10-14,2024-10-27
T003215,CUST0131,2022-05-10,2022-06-02
T003216,CUST0131,2022-02-06,2022-02-07
T003217,CUST0131,2022-03-10,2022-04-04
T003218,CUST0131,2022-05-14,2022-06-04
T003219,CUST0131,2022-04-11,2022-04-21
T003220,CUST0131,2022-01-27,2022-03-06
T003221,CUST0132,2024-11-14,2024-12-21
T003222,CUST0132,2024-03-24,2024-04-15
T003223,CUST0132,2024-05-25,2024-07-08
T003224,CUST0132,2024-09-23,2024-10-14
T003225,CUST0132,2024-03-30,2024-04-21
T003226,CUST0132,2023-12-26,2024-01-27
T003227,CUST0135,2020-10-11,2020-11-10
T003228,CUST0135,2020-09-23,2020-10-07
T003229,CUST0135,2021-04-01,2021-05-14
T003230,CUST0135,2020-02-14,2020-03-26
T003231,CUST0135,2021-09-06,2021-09-08
T003232,CUST0135,2020-01-23,2020-01-30
T003233,CUST0137,2020-08-14,2020-09-14
T003234,CUST0137,2020-08-22,2020-09-13
T003235,CUST0137,2020-07-05,2020-07-11
T003236,CUST0137,2020-07-31,2020-08-17
T003237,CUST0137,2020-08-08,2020-08-26
T003238,CUST0137,2020-07-21,2020-08-16
T003239,CUST0138,2020-12-13,2021-01-17
T003240,CUST0138,2023-03-09,2023-03-25
T003241,CUST0138,2021-03-09,2021-04-08
T003242,CUST0138,2022-01-31,2022-03-02
T003243,CUST0138,2021-04-06,2021-04-30
T003244,CUST0138,2024-07-26,2024-08-22
T003245,CUST0138,2023-04-14,2023-04-21
T003246,CUST0138,2021-07-01,2021-07-22
T003247,CUST0138,2023-02-20,2023-03-11
T003248,CUST0138,2024-11-09,2024-12-05
T003249,CUST0138,2020-07-02,2020-07-26
T003250,CUST0138,2020-12-21,2020-12-21
T003251,CUST0140,2020-04-07,2020-04-30
T003252,CUST0140,2020-06-25,2020-07-17
T003253,CUST0140,2020-01-01,2020-01-12
T003254,CUST0140,2020-07-23,2020-08-11
T003255,CUST0140,2020-02-11,2020-02-15
T003256,CUST0140,2020-06-05,2020-07-15
T003257,CUST0148,2024-05-06,2024-06-15
T003258,CUST0148,2024-01-14,2024-02-25
T003259,CUST0148,2023-11-30,2024-01-05
T003260,CUST0148,2024-05-12,2024-06-20
T003261,CUST0148,2024-01-08,2024-02-06
T003262,CUST0148,2023-11-21,2023-12-25
T003263,CUST0149,2023-04-07,2023-04-28
T003264,CUST0149,2023-06-16,2023-07-15
T003265,CUST0149,2023-06-22,2023-06-24
T003266,CUST0149,2023-06-05,2023-07-01
T003267,CUST0149,2023-05-06,2023-05-21
T003268,CUST0149,2023-04-29,2023-05-02
T003269,CUST0150,2024-10-06,2024-10-26
T003270,CUST0150,2024-05-25,2024-06-30
T003271,CUST0150,2024-09-03,2024-10-11
T003272,CUST0150,2024-09-10,2024-09-15
T003273,CUST0150,2024-06-04,2024-06-07
T003274,CUST0150,2024-08-06,2024-08-23
T003275,CUST0151,2020-08-17,2020-09-03
T003276,CUST0151,2020-08-09,2020-09-17
T003277,CUST0151,2020-07-28,2020-08-24
T003278,CUST0151,2020-07-03,2020-08-08
T003279,CUST0151,2020-08-17,2020-08-24
T003280,CUST0151,2020-06-19,2020-06-21
T003281,CUST0154,2023-10-10,2023-11-22
T003282,CUST0154,2021-10-05,2021-10-05
T003283,CUST0154,2022-08-28,2022-09-28
T003284,CUST0154,2024-10-06,2024-10-24
T003285,CUST0154,2021-06-21,2021-07-10
T003286,CUST0154,2023-06-14,2023-07-28
T003287,CUST0156,2020-08-27,2020-09-27
T003288,CUST0156,2020-10-14,2020-11-20
T003289,CUST0156,2020-08-18,2020-09-01
T003290,CUST0156,2021-02-20,2021-02-20
T003291,CUST0156,2021-03-11,2021-03-25
T003292,CUST0156,2020-11-26,2021-01-02
T003293,CUST0157,2021-11-02,2021-11-13
T003294,CUST0157,2021-08-12,2021-08-21
T003295,CUST0157,2021-10-07,2021-10-23
T003296,CUST0157,2021-12-27,2022-01-15
T003297,CUST0157,2021-11-01,2021-12-07
T003298,CUST0157,2021-08-28,2021-09-03
T003299,CUST0158,2020-04-25,2020-05-15
T003300,CUST0158,2020-02-03,2020-03-03
T003301,CUST0158,2020-04-05,2020-04-16
T003302,CUST0158,2020-04-04,2020-04-23
T003303,CUST0158,2020-01-17,2020-01-23
T003304,CUST0158,2020-03-23,2020-04-03
T003305,CUST0159,2023-05-18,2023-06-13
T003306,CUST0159,2023-01-26,2023-02-12
T003307,CUST0159,2023-02-01,2023-02-21
T003308,CUST0159,2022-08-20,2022-09-29
T003309,CUST0159,2023-10-22,2023-10-26
T003310,CUST0159,2024-01-01,2024-01-29
T003311,CUST0166,2021-12-03,2021-12-26
T003312,CUST0166,2022-07-24,2022-07-31
T003313,CUST0166,2022-01-26,2022-02-12
T003314,CUST0166,2022-06-16,2022-06-23
T003315,CUST0166,2024-11-01,2024-11-12
T003316,CUST0166,2022-01-29,2022-02-25
T003317,CUST0167,2021-12-31,2022-02-04
T003318,CUST0167,2022-01-21,2022-02-23
T003319,CUST0167,2022-03-16,2022-04-03
T003320,CUST0167,2022-04-01,2022-05-07
T003321,CUST0167,2022-01-21,2022-02-22
T003322,CUST0167,2022-02-09,2022-02-16
T003323,CUST0168,2024-12-28,2025-01-21
T003324,CUST0168,2021-06-24,2021-07-15
T003325,CUST0168,2023-02-16,2023-03-14
T003326,CUST0168,2024-06-04,2024-06-14
T003327,CUST0168,2023-08-25,2023-09-09
T003328,CUST0168,2023-12-11,2023-12-26
T003329,CUST0168,2023-07-16,2023-08-29
T003330,CUST0168,2022-08-15,2022-08-15
T003331,CUST0168,2024-11-26,2024-12-25
T003332,CUST0168,2023-06-11,2023-07-08
T003333,CUST0168,2024-10-11,2024-10-25
T003334,CUST0168,2023-12-10,2024-01-01
T003335,CUST0170,2024-08-25,2024-10-04
T003336,CUST0170,2023-02-18,2023-03-03
T003337,CUST0170,2024-02-03,2024-02-25
T003338,CUST0170,2022-03-01,2022-03-07
T003339,CUST0170,2021-04-21,2021-05-24
T003340,CUST0170,2020-05-22,2020-05-25
T003341,CUST0170,2024-07-02,2024-07-09
T003342,CUST0170,2023-10-24,2023-11-09
T003343,CUST0170,2024-05-30,2024-06-21
T003344,CUST0170,2022-08-26,2022-09-22
T003345,CUST0170,2022-05-29,2022-05-29
T003346,CUST0170,2022-09-28,2022-11-05
T003347,CUST0171,2022-04-30,2022-06-02
T003348,CUST0171,2020-03-22,2020-04-07
T003349,CUST0171,2020-06-18,2020-07-09
T003350,CUST0171,2021-09-04,2021-09-18
T003351,CUST0171,2020-11-01,2020-12-16
T003352,CUST0171,2020-04-16,2020-05-05
T003353,CUST0173,2023-02-11,2023-02-13
T003354,CUST0173,2022-12-23,2023-01-26
T003355,CUST0173,2022-10-09,2022-10-23
T003356,CUST0173,2023-01-24,2023-02-11
T003357,CUST0173,2022-09-24,2022-11-05
T003358,CUST0173,2023-01-25,2023-01-27
T003359,CUST0174,2022-05-20,2022-06-10
T003360,CUST0174,2022-04-09,2022-05-19
T003361,CUST0174,2022-05-28,2022-06-22
T003362,CUST0174,2022-03-25,2022-04-10
T003363,CUST0174,2022-06-20,2022-07-17
T003364,CUST0174,2022-08-05,2022-09-11
T003365,CUST0175,2020-04-11,2020-04-22
T003366,CUST0175,2020-06-17,2020-08-01
T003367,CUST0175,2020-05-17,2020-06-23
T003368,CUST0175,2020-04-19,2020-04-20
T003369,CUST0175,2020-07-04,2020-07-24
T003370,CUST0175,2020-06-30,2020-07-22
T003371,CUST0179,2024-10-31,2024-11-14
T003372,CUST0179,2023-12-03,2024-01-17
T003373,CUST0179,2024-06-29,2024-07-29
T003374,CUST0179,2024-06-19,2024-07-29
T003375,CUST0179,2023-06-28,2023-07-03
T003376,CUST0179,2024-10-30,2024-11-23
T003377,CUST0180,2024-05-08,2024-05-30
T003378,CUST0180,2023-12-23,2024-01-25
T003379,CUST0180,2024-01-20,2024-02-07
T003380,CUST0180,2023-12-04,2024-01-14
T003381,CUST0180,2024-05-18,2024-06-27
T003382,CUST0180,2024-02-13,2024-02-19
T003383,CUST0183,2020-02-01,2020-02-16
T003384,CUST0183,2022-02-20,2022-03-04
T003385,CUST0183,2022-12-18,2023-01-03
T003386,CUST0183,2021-08-06,2021-09-10
T003387,CUST0183,2022-09-11,2022-09-19
T003388,CUST0183,2022-07-10,2022-07-12
T003389,CUST0183,2020-11-12,2020-12-07
T003390,CUST0183,2021-05-02,2021-06-07
T003391,CUST0183,2022-03-09,2022-03-13
T003392,CUST0183,2022-06-26,2022-08-03
T003393,CUST0183,2022-06-04,2022-06-11
T003394,CUST0183,2022-10-01,2022-10-03
T003395,CUST0185,2020-02-09,2020-03-06
T003396,CUST0185,2020-03-02,2020-04-05
T003397,CUST0185,2020-03-01,2020-03-01
T003398,CUST0185,2020-03-11,2020-03-25
T003399,CUST0185,2020-01-16,2020-01-22
T003400,CUST0185,2020-02-16,2020-03-11
T003401,CUST0185,2020-01-10,2020-02-14
T003402,CUST0185,2020-01-11,2020-02-06
T003403,CUST0185,2020-03-09,2020-03-20
T003404,CUST0185,2020-05-11,2020-05-22
T003405,CUST0185,2020-04-15,2020-05-15
T003406,CUST0185,2020-02-18,2020-03-27
T003407,CUST0186,2021-08-11,2021-09-05
T003408,CUST0186,2020-12-27,2021-01-25
T003409,CUST0186,2021-01-19,2021-02-08
T003410,CUST0186,2021-04-21,2021-05-20
T003411,CUST0186,2021-05-12,2021-06-25
T003412,CUST0186,2021-01-24,2021-03-02
T003413,CUST0188,2023-04-17,2023-04-17
T003414,CUST0188,2023-03-14,2023-04-07
T003415,CUST0188,2023-12-03,2023-12-26
T003416,CUST0188,2022-11-12,2022-11-15
T003417,CUST0188,2023-01-16,2023-02-22
T003418,CUST0188,2023-10-05,2023-10-24
T003419,CUST0191,2023-07-07,2023-08-08
T003420,CUST0191,2024-07-12,2024-07-23
T003421,CUST0191,2023-11-01,2023-12-14
T003422,CUST0191,2023-03-17,2023-04-01
T003423,CUST0191,2024-07-10,2024-08-09
T003424,CUST0191,2024-10-04,2024-10-20
T003425,CUST0191,2023-10-24,2023-10-29
T003426,CUST0191,2022-12-23,2022-12-24
T003427,CUST0191,2023-02-11,2023-03-23
T003428,CUST0191,2024-09-10,2024-10-06
T003429,CUST0191,2023-12-24,2024-01-20
T003430,CUST0191,2024-12-29,2025-01-04
T003431,CUST0192,2021-04-13,2021-04-27
T003432,CUST0192,2020-12-05,2021-01-07
T003433,CUST0192,2021-02-14,2021-03-03
T003434,CUST0192,2021-01-26,2021-02-17
T003435,CUST0192,2020-11-23,2020-12-02
T003436,CUST0192,2021-03-30,2021-04-02
T003437,CUST0196,2020-02-04,2020-02-27
T003438,CUST0196,2020-02-08,2020-03-15
T003439,CUST0196,2020-02-27,2020-02-28
T003440,CUST0196,2020-02-18,2020-02-24
T003441,CUST0196,2020-10-20,2020-11-29
T003442,CUST0196,2020-05-26,2020-06-30
T003443,CUST0198,2024-04-02,2024-05-08
T003444,CUST0198,2024-04-02,2024-05-13
T003445,CUST0198,2024-03-28,2024-05-04
T003446,CUST0198,2024-04-01,2024-04-15
T003447,CUST0198,2024-03-27,2024-04-22
T003448,CUST0198,2024-03-28,2024-05-11
